#
# There is insufficient memory for the Java Runtime Environment to continue.
# Native memory allocation (malloc) failed to allocate 2217456 bytes for Chunk::new
# Possible reasons:
#   The system is out of physical RAM or swap space
#   The process is running with CompressedOops enabled, and the Java Heap may be blocking the growth of the native heap
# Possible solutions:
#   Reduce memory load on the system
#   Increase physical memory or swap space
#   Check if swap backing store is full
#   Decrease Java heap size (-Xmx/-Xms)
#   Decrease number of Java threads
#   Decrease Java thread stack sizes (-Xss)
#   Set larger code cache with -XX:ReservedCodeCacheSize=
#   JVM is running with Zero Based Compressed Oops mode in which the Java heap is
#     placed in the first 32GB address space. The Java Heap base address is the
#     maximum limit for the native heap growth. Please use -XX:HeapBaseMinAddress
#     to set the Java Heap base and to place the Java Heap above 32GB virtual address.
# This output file may be truncated or incomplete.
#
#  Out of Memory Error (arena.cpp:189), pid=18096, tid=7004
#
# JRE version: Java(TM) SE Runtime Environment (17.0.12+8) (build 17.0.12+8-LTS-286)
# Java VM: Java HotSpot(TM) 64-Bit Server VM (17.0.12+8-LTS-286, mixed mode, sharing, tiered, compressed oops, compressed class ptrs, g1 gc, windows-amd64)
# No core dump will be written. Minidumps are not enabled by default on client versions of Windows
#

---------------  S U M M A R Y ------------

Command Line: --add-opens=java.base/java.lang=ALL-UNNAMED --add-opens=java.base/java.lang.invoke=ALL-UNNAMED --add-opens=java.base/java.util=ALL-UNNAMED --add-opens=java.prefs/java.util.prefs=ALL-UNNAMED --add-exports=jdk.compiler/com.sun.tools.javac.api=ALL-UNNAMED --add-exports=jdk.compiler/com.sun.tools.javac.util=ALL-UNNAMED --add-opens=java.base/java.util=ALL-UNNAMED --add-opens=java.prefs/java.util.prefs=ALL-UNNAMED --add-opens=java.base/java.nio.charset=ALL-UNNAMED --add-opens=java.base/java.net=ALL-UNNAMED --add-opens=java.base/java.util.concurrent.atomic=ALL-UNNAMED --add-opens=java.xml/javax.xml.namespace=ALL-UNNAMED -Xmx4g -Dfile.encoding=UTF-8 -Duser.country=US -Duser.language=en -Duser.variant -javaagent:C:\Users\Asus\.gradle\wrapper\dists\gradle-8.13-bin\5xuhj0ry160q40clulazy9h7d\gradle-8.13\lib\agents\gradle-instrumentation-agent-8.13.jar org.gradle.launcher.daemon.bootstrap.GradleDaemon 8.13

Host: AMD Ryzen 5 5500U with Radeon Graphics         , 12 cores, 7G,  Windows 11 , 64 bit Build 22621 (10.0.22621.5262)
Time: Sun Jun 15 16:54:30 2025 India Standard Time elapsed time: 8610.228412 seconds (0d 2h 23m 30s)

---------------  T H R E A D  ---------------

Current thread (0x00000266e6c76290):  JavaThread "C2 CompilerThread0" daemon [_thread_in_native, id=7004, stack(0x00000067b9400000,0x00000067b9500000)]


Current CompileTask:
C2:8610228 26661       4       org.gradle.api.plugins.JavaPluginConvention::getMetaClass (30 bytes)

Stack: [0x00000067b9400000,0x00000067b9500000]
Native frames: (J=compiled Java code, j=interpreted, Vv=VM code, C=native code)
V  [jvm.dll+0x67a04a]
V  [jvm.dll+0x7da4ed]
V  [jvm.dll+0x7dbe33]
V  [jvm.dll+0x7dc4a3]
V  [jvm.dll+0x24508f]
V  [jvm.dll+0xab773]
V  [jvm.dll+0xabd3c]
V  [jvm.dll+0x361b9f]
V  [jvm.dll+0x32c431]
V  [jvm.dll+0x32b8ca]
V  [jvm.dll+0x21683f]
V  [jvm.dll+0x215c6f]
V  [jvm.dll+0x1a2960]
V  [jvm.dll+0x22610b]
V  [jvm.dll+0x2242ab]
V  [jvm.dll+0x79075c]
V  [jvm.dll+0x78abea]
V  [jvm.dll+0x678f35]
C  [ucrtbase.dll+0x29333]
C  [KERNEL32.DLL+0x1259d]
C  [ntdll.dll+0x5af58]


---------------  P R O C E S S  ---------------

Threads class SMR info:
_java_thread_list=0x00000266ec0868b0, length=191, elements={
0x00000266c1a4ba00, 0x00000266e6c592d0, 0x00000266e6c5a150, 0x00000266e6c71a20,
0x00000266e6c73300, 0x00000266e6c73bd0, 0x00000266e6c755a0, 0x00000266e6c76290,
0x00000266e6c76d40, 0x00000266e6c81760, 0x00000266e6c472a0, 0x00000266eb1ad600,
0x00000266ec970550, 0x00000266ed024060, 0x00000266ecfc6e10, 0x00000266ec4a8720,
0x00000266ec4a8c30, 0x00000266ec4a68c0, 0x00000266ec4a63b0, 0x00000266eda908e0,
0x00000266eda93b80, 0x00000266eda954d0, 0x00000266ed8a3100, 0x00000266ecaa32c0,
0x00000266ecaa0f50, 0x00000266eca9f0f0, 0x00000266ecaa0530, 0x00000266eca9e6d0,
0x00000266f012a270, 0x00000266f012b6b0, 0x00000266f012ac90, 0x00000266f0126fd0,
0x00000266f01274e0, 0x00000266f0128e30, 0x00000266eeae9720, 0x00000266eeaed8f0,
0x00000266eeae7dd0, 0x00000266eeaee310, 0x00000266eeaefc60, 0x00000266eeae9c30,
0x00000266eeaeed30, 0x00000266eeaef750, 0x00000266eeae87f0, 0x00000266eeaf0170,
0x00000266eeae8d00, 0x00000266eeaf0680, 0x00000266eeaf0b90, 0x00000266eeaea650,
0x00000266eeaeab60, 0x00000266eeaf10a0, 0x00000266eeaeba90, 0x00000266eeaf15b0,
0x00000266eeaf1ac0, 0x00000266eeaf1fd0, 0x00000266eeaf24e0, 0x00000266eeaf29f0,
0x00000266eeaeb580, 0x00000266eeaf2f00, 0x00000266eeaf3410, 0x00000266eeaebfa0,
0x00000266eeaf3920, 0x00000266eeaf3e30, 0x00000266eeaf4340, 0x00000266eeaf4850,
0x00000266eeaf4d60, 0x00000266eeaf5270, 0x00000266eeaf5780, 0x00000266eeaf5c90,
0x00000266eeaf70d0, 0x00000266eeaf61a0, 0x00000266eeaf66b0, 0x00000266eeaf6bc0,
0x00000266f947d4d0, 0x00000266f947e910, 0x00000266f9479d20, 0x00000266f947ee20,
0x00000266f94779b0, 0x00000266f947f330, 0x00000266f947f840, 0x00000266f94783d0,
0x00000266f947fd50, 0x00000266f94820c0, 0x00000266f9483f20, 0x00000266f9484940,
0x00000266f9481190, 0x00000266f9484e50, 0x00000266f9486290, 0x00000266f9484430,
0x00000266f94825d0, 0x00000266f9485360, 0x00000266f9485870, 0x00000266f9481bb0,
0x00000266f9482ff0, 0x00000266f9480c80, 0x00000266f9482ae0, 0x00000266f9480260,
0x00000266f94816a0, 0x00000266f947a230, 0x00000266f9483500, 0x00000266f94867a0,
0x00000266f9483a10, 0x00000266f9485d80, 0x00000266eeb226b0, 0x00000266eeb24510,
0x00000266eeb23af0, 0x00000266eeb22bc0, 0x00000266eeb25e60, 0x00000266eeb25440,
0x00000266eeb20850, 0x00000266eeb20d60, 0x00000266eeb221a0, 0x00000266eeb230d0,
0x00000266eeb26d90, 0x00000266eeb235e0, 0x00000266eeb24000, 0x00000266eeb26880,
0x00000266eeb281d0, 0x00000266eeb24a20, 0x00000266eeb24f30, 0x00000266eeb272a0,
0x00000266eeb21270, 0x00000266eeb26370, 0x00000266eeb21780, 0x00000266eeb25950,
0x00000266eeb277b0, 0x00000266ed89ea20, 0x00000266ed8a0880, 0x00000266ed8a0d90,
0x00000266ed89f440, 0x00000266ed8a26e0, 0x00000266ed8a5e90, 0x00000266ed8a0370,
0x00000266ed8a3610, 0x00000266ed8a12a0, 0x00000266ed8a3b20, 0x00000266ed8a17b0,
0x00000266ed8a4540, 0x00000266ed89ef30, 0x00000266ed8a4a50, 0x00000266ed89f950,
0x00000266ed8a5470, 0x00000266ed89fe60, 0x00000266ed8a4f60, 0x00000266ed8a5980,
0x00000266ed8a1cc0, 0x00000266eca9c360, 0x00000266eca9d7a0, 0x00000266ecaa1460,
0x00000266ecaa2390, 0x00000266eca9f600, 0x00000266ecaa28a0, 0x00000266eca9fb10,
0x00000266ecaa1970, 0x00000266eca9b940, 0x00000266ecaa2db0, 0x00000266ecaa0020,
0x00000266ecaa0a40, 0x00000266eca9c870, 0x00000266eca9be50, 0x00000266eca9e1c0,
0x00000266eda91810, 0x00000266eda92230, 0x00000266eda8fec0, 0x00000266eda93160,
0x00000266eda94fc0, 0x00000266eda945a0, 0x00000266eda94090, 0x00000266eda94ab0,
0x00000266eda8e060, 0x00000266eda8ea80, 0x00000266eda8ef90, 0x00000266eda8f4a0,
0x00000266eda8f9b0, 0x00000266ec4a5ea0, 0x00000266ec4a6dd0, 0x00000266ec4a72e0,
0x00000266ec4a77f0, 0x00000266ec4a7d00, 0x00000266ec4a5990, 0x00000266ec4a8210,
0x00000266f0125b90, 0x00000266f012a780, 0x00000266f012c5e0, 0x00000266f01260a0,
0x00000266f012bbc0, 0x00000266f012caf0, 0x00000266eca9cd80, 0x00000266f8e849c0,
0x00000266f8e7f8c0, 0x00000266f8e81c30, 0x00000266f8e84ed0
}

Java Threads: ( => current thread )
  0x00000266c1a4ba00 JavaThread "main" [_thread_blocked, id=10536, stack(0x00000067b8700000,0x00000067b8800000)]
  0x00000266e6c592d0 JavaThread "Reference Handler" daemon [_thread_blocked, id=29248, stack(0x00000067b8e00000,0x00000067b8f00000)]
  0x00000266e6c5a150 JavaThread "Finalizer" daemon [_thread_blocked, id=23076, stack(0x00000067b8f00000,0x00000067b9000000)]
  0x00000266e6c71a20 JavaThread "Signal Dispatcher" daemon [_thread_blocked, id=17648, stack(0x00000067b9000000,0x00000067b9100000)]
  0x00000266e6c73300 JavaThread "Attach Listener" daemon [_thread_blocked, id=5116, stack(0x00000067b9100000,0x00000067b9200000)]
  0x00000266e6c73bd0 JavaThread "Service Thread" daemon [_thread_blocked, id=19968, stack(0x00000067b9200000,0x00000067b9300000)]
  0x00000266e6c755a0 JavaThread "Monitor Deflation Thread" daemon [_thread_blocked, id=31268, stack(0x00000067b9300000,0x00000067b9400000)]
=>0x00000266e6c76290 JavaThread "C2 CompilerThread0" daemon [_thread_in_native, id=7004, stack(0x00000067b9400000,0x00000067b9500000)]
  0x00000266e6c76d40 JavaThread "C1 CompilerThread0" daemon [_thread_blocked, id=23016, stack(0x00000067b9500000,0x00000067b9600000)]
  0x00000266e6c81760 JavaThread "Sweeper thread" daemon [_thread_blocked, id=24516, stack(0x00000067b9600000,0x00000067b9700000)]
  0x00000266e6c472a0 JavaThread "Common-Cleaner" daemon [_thread_blocked, id=20748, stack(0x00000067b9700000,0x00000067b9800000)]
  0x00000266eb1ad600 JavaThread "Notification Thread" daemon [_thread_blocked, id=22588, stack(0x00000067b9800000,0x00000067b9900000)]
  0x00000266ec970550 JavaThread "Daemon health stats" [_thread_blocked, id=7312, stack(0x00000067ba000000,0x00000067ba100000)]
  0x00000266ed024060 JavaThread "Incoming local TCP Connector on port 51221" [_thread_in_native, id=13728, stack(0x00000067b9a00000,0x00000067b9b00000)]
  0x00000266ecfc6e10 JavaThread "Daemon periodic checks" [_thread_blocked, id=17884, stack(0x00000067ba100000,0x00000067ba200000)]
  0x00000266ec4a8720 JavaThread "Cache worker for journal cache (C:\Users\Asus\.gradle\caches\journal-1)" [_thread_blocked, id=2880, stack(0x00000067baa00000,0x00000067bab00000)]
  0x00000266ec4a8c30 JavaThread "File lock request listener" [_thread_in_native, id=3256, stack(0x00000067bab00000,0x00000067bac00000)]
  0x00000266ec4a68c0 JavaThread "Cache worker for file hash cache (C:\Users\Asus\.gradle\caches\8.13\fileHashes)" [_thread_blocked, id=2192, stack(0x00000067bac00000,0x00000067bad00000)]
  0x00000266ec4a63b0 JavaThread "File watcher server" daemon [_thread_in_native, id=28136, stack(0x00000067bb500000,0x00000067bb600000)]
  0x00000266eda908e0 JavaThread "File watcher consumer" daemon [_thread_blocked, id=15604, stack(0x00000067bb600000,0x00000067bb700000)]
  0x00000266eda93b80 JavaThread "jar transforms" [_thread_blocked, id=24240, stack(0x00000067bb800000,0x00000067bb900000)]
  0x00000266eda954d0 JavaThread "Cache worker for file content cache (C:\Users\Asus\.gradle\caches\8.13\fileContent)" [_thread_blocked, id=20164, stack(0x00000067bba00000,0x00000067bbb00000)]
  0x00000266ed8a3100 JavaThread "Memory manager" [_thread_blocked, id=23232, stack(0x00000067be500000,0x00000067be600000)]
  0x00000266ecaa32c0 JavaThread "jar transforms Thread 2" [_thread_blocked, id=10320, stack(0x00000067c4500000,0x00000067c4600000)]
  0x00000266ecaa0f50 JavaThread "jar transforms Thread 3" [_thread_blocked, id=16360, stack(0x00000067bf000000,0x00000067bf100000)]
  0x00000266eca9f0f0 JavaThread "jar transforms Thread 4" [_thread_blocked, id=5608, stack(0x00000067c5100000,0x00000067c5200000)]
  0x00000266ecaa0530 JavaThread "jar transforms Thread 5" [_thread_blocked, id=26280, stack(0x00000067c5200000,0x00000067c5300000)]
  0x00000266eca9e6d0 JavaThread "jar transforms Thread 6" [_thread_blocked, id=9872, stack(0x00000067c5300000,0x00000067c5400000)]
  0x00000266f012a270 JavaThread "jar transforms Thread 7" [_thread_blocked, id=12172, stack(0x00000067c5500000,0x00000067c5600000)]
  0x00000266f012b6b0 JavaThread "jar transforms Thread 8" [_thread_blocked, id=25432, stack(0x00000067c5600000,0x00000067c5700000)]
  0x00000266f012ac90 JavaThread "jar transforms Thread 9" [_thread_blocked, id=14352, stack(0x00000067c5800000,0x00000067c5900000)]
  0x00000266f0126fd0 JavaThread "jar transforms Thread 10" [_thread_blocked, id=30520, stack(0x00000067c5900000,0x00000067c5a00000)]
  0x00000266f01274e0 JavaThread "jar transforms Thread 11" [_thread_blocked, id=13308, stack(0x00000067c5a00000,0x00000067c5b00000)]
  0x00000266f0128e30 JavaThread "jar transforms Thread 12" [_thread_blocked, id=2756, stack(0x00000067c5b00000,0x00000067c5c00000)]
  0x00000266eeae9720 JavaThread "Daemon Thread 3" [_thread_blocked, id=10204, stack(0x00000067b8400000,0x00000067b8500000)]
  0x00000266eeaed8f0 JavaThread "Handler for socket connection from /127.0.0.1:51221 to /127.0.0.1:61082" [_thread_in_native, id=27192, stack(0x00000067b8500000,0x00000067b8600000)]
  0x00000266eeae7dd0 JavaThread "Cancel handler" [_thread_blocked, id=24656, stack(0x00000067b8600000,0x00000067b8700000)]
  0x00000266eeaee310 JavaThread "Daemon worker Thread 3" [_thread_in_Java, id=18160, stack(0x00000067ba200000,0x00000067ba300000)]
  0x00000266eeaefc60 JavaThread "Asynchronous log dispatcher for DefaultDaemonConnection: socket connection from /127.0.0.1:51221 to /127.0.0.1:61082" [_thread_blocked, id=30908, stack(0x00000067ba300000,0x00000067ba400000)]
  0x00000266eeae9c30 JavaThread "Stdin handler" [_thread_blocked, id=23788, stack(0x00000067ba400000,0x00000067ba500000)]
  0x00000266eeaeed30 JavaThread "Daemon client event forwarder" [_thread_blocked, id=1780, stack(0x00000067ba500000,0x00000067ba600000)]
  0x00000266eeaef750 JavaThread "Cache worker for file hash cache (D:\New-Branch\android\.gradle\8.13\fileHashes)" [_thread_blocked, id=9044, stack(0x00000067ba600000,0x00000067ba700000)]
  0x00000266eeae87f0 JavaThread "Cache worker for Build Output Cleanup Cache (D:\New-Branch\android\.gradle\buildOutputCleanup)" [_thread_blocked, id=30220, stack(0x00000067ba700000,0x00000067ba800000)]
  0x00000266eeaf0170 JavaThread "Cache worker for checksums cache (D:\New-Branch\android\.gradle\8.13\checksums)" [_thread_blocked, id=6792, stack(0x00000067ba800000,0x00000067ba900000)]
  0x00000266eeae8d00 JavaThread "Cache worker for cache directory md-supplier (C:\Users\Asus\.gradle\caches\8.13\md-supplier)" [_thread_blocked, id=25728, stack(0x00000067ba900000,0x00000067baa00000)]
  0x00000266eeaf0680 JavaThread "Cache worker for cache directory md-rule (C:\Users\Asus\.gradle\caches\8.13\md-rule)" [_thread_blocked, id=24436, stack(0x00000067bb100000,0x00000067bb200000)]
  0x00000266eeaf0b90 JavaThread "Cache worker for Build Output Cleanup Cache (D:\New-Branch\node_modules\@react-native\gradle-plugin\.gradle\buildOutputCleanup)" [_thread_blocked, id=19740, stack(0x00000067bb200000,0x00000067bb300000)]
  0x00000266eeaea650 JavaThread "Unconstrained build operations" [_thread_blocked, id=15872, stack(0x00000067bb700000,0x00000067bb800000)]
  0x00000266eeaeab60 JavaThread "Unconstrained build operations Thread 2" [_thread_blocked, id=30584, stack(0x00000067bb900000,0x00000067bba00000)]
  0x00000266eeaf10a0 JavaThread "Unconstrained build operations Thread 3" [_thread_blocked, id=7888, stack(0x00000067bbb00000,0x00000067bbc00000)]
  0x00000266eeaeba90 JavaThread "Unconstrained build operations Thread 4" [_thread_blocked, id=19404, stack(0x00000067bbc00000,0x00000067bbd00000)]
  0x00000266eeaf15b0 JavaThread "Unconstrained build operations Thread 5" [_thread_blocked, id=20200, stack(0x00000067bbd00000,0x00000067bbe00000)]
  0x00000266eeaf1ac0 JavaThread "Unconstrained build operations Thread 6" [_thread_blocked, id=17608, stack(0x00000067bbe00000,0x00000067bbf00000)]
  0x00000266eeaf1fd0 JavaThread "Unconstrained build operations Thread 7" [_thread_blocked, id=14036, stack(0x00000067bbf00000,0x00000067bc000000)]
  0x00000266eeaf24e0 JavaThread "Unconstrained build operations Thread 8" [_thread_blocked, id=23032, stack(0x00000067bc000000,0x00000067bc100000)]
  0x00000266eeaf29f0 JavaThread "Unconstrained build operations Thread 9" [_thread_blocked, id=22320, stack(0x00000067bc100000,0x00000067bc200000)]
  0x00000266eeaeb580 JavaThread "Unconstrained build operations Thread 10" [_thread_blocked, id=9404, stack(0x00000067bc200000,0x00000067bc300000)]
  0x00000266eeaf2f00 JavaThread "Unconstrained build operations Thread 11" [_thread_blocked, id=18344, stack(0x00000067bc300000,0x00000067bc400000)]
  0x00000266eeaf3410 JavaThread "Unconstrained build operations Thread 12" [_thread_blocked, id=25540, stack(0x00000067bc400000,0x00000067bc500000)]
  0x00000266eeaebfa0 JavaThread "Unconstrained build operations Thread 13" [_thread_blocked, id=24084, stack(0x00000067bc500000,0x00000067bc600000)]
  0x00000266eeaf3920 JavaThread "Unconstrained build operations Thread 14" [_thread_blocked, id=3956, stack(0x00000067bc600000,0x00000067bc700000)]
  0x00000266eeaf3e30 JavaThread "Unconstrained build operations Thread 15" [_thread_blocked, id=22504, stack(0x00000067bc700000,0x00000067bc800000)]
  0x00000266eeaf4340 JavaThread "Unconstrained build operations Thread 16" [_thread_blocked, id=9024, stack(0x00000067bc800000,0x00000067bc900000)]
  0x00000266eeaf4850 JavaThread "Unconstrained build operations Thread 17" [_thread_blocked, id=26360, stack(0x00000067bc900000,0x00000067bca00000)]
  0x00000266eeaf4d60 JavaThread "Unconstrained build operations Thread 18" [_thread_blocked, id=21496, stack(0x00000067bca00000,0x00000067bcb00000)]
  0x00000266eeaf5270 JavaThread "Unconstrained build operations Thread 19" [_thread_blocked, id=8696, stack(0x00000067bcb00000,0x00000067bcc00000)]
  0x00000266eeaf5780 JavaThread "Unconstrained build operations Thread 20" [_thread_blocked, id=1040, stack(0x00000067bcc00000,0x00000067bcd00000)]
  0x00000266eeaf5c90 JavaThread "Unconstrained build operations Thread 21" [_thread_blocked, id=12780, stack(0x00000067bcd00000,0x00000067bce00000)]
  0x00000266eeaf70d0 JavaThread "Unconstrained build operations Thread 22" [_thread_blocked, id=4552, stack(0x00000067bce00000,0x00000067bcf00000)]
  0x00000266eeaf61a0 JavaThread "Unconstrained build operations Thread 23" [_thread_blocked, id=7072, stack(0x00000067bcf00000,0x00000067bd000000)]
  0x00000266eeaf66b0 JavaThread "Unconstrained build operations Thread 24" [_thread_blocked, id=22256, stack(0x00000067bd000000,0x00000067bd100000)]
  0x00000266eeaf6bc0 JavaThread "Unconstrained build operations Thread 25" [_thread_blocked, id=9388, stack(0x00000067bd100000,0x00000067bd200000)]
  0x00000266f947d4d0 JavaThread "Unconstrained build operations Thread 26" [_thread_blocked, id=14764, stack(0x00000067bd200000,0x00000067bd300000)]
  0x00000266f947e910 JavaThread "build event listener" [_thread_blocked, id=14844, stack(0x00000067bd300000,0x00000067bd400000)]
  0x00000266f9479d20 JavaThread "ForkJoinPool.commonPool-worker-20" daemon [_thread_blocked, id=21800, stack(0x00000067bd400000,0x00000067bd500000)]
  0x00000266f947ee20 JavaThread "ForkJoinPool.commonPool-worker-21" daemon [_thread_blocked, id=11892, stack(0x00000067bd500000,0x00000067bd600000)]
  0x00000266f94779b0 JavaThread "ForkJoinPool.commonPool-worker-22" daemon [_thread_blocked, id=26904, stack(0x00000067bd600000,0x00000067bd700000)]
  0x00000266f947f330 JavaThread "ForkJoinPool.commonPool-worker-23" daemon [_thread_blocked, id=12156, stack(0x00000067bd700000,0x00000067bd800000)]
  0x00000266f947f840 JavaThread "ForkJoinPool.commonPool-worker-24" daemon [_thread_blocked, id=28276, stack(0x00000067bd800000,0x00000067bd900000)]
  0x00000266f94783d0 JavaThread "ForkJoinPool.commonPool-worker-25" daemon [_thread_blocked, id=8744, stack(0x00000067bd900000,0x00000067bda00000)]
  0x00000266f947fd50 JavaThread "ForkJoinPool.commonPool-worker-26" daemon [_thread_blocked, id=25264, stack(0x00000067bda00000,0x00000067bdb00000)]
  0x00000266f94820c0 JavaThread "ForkJoinPool.commonPool-worker-27" daemon [_thread_blocked, id=30148, stack(0x00000067bdb00000,0x00000067bdc00000)]
  0x00000266f9483f20 JavaThread "included builds" [_thread_blocked, id=16704, stack(0x00000067bdc00000,0x00000067bdd00000)]
  0x00000266f9484940 JavaThread "Execution worker" [_thread_blocked, id=24908, stack(0x00000067bdd00000,0x00000067bde00000)]
  0x00000266f9481190 JavaThread "Execution worker Thread 2" [_thread_blocked, id=22752, stack(0x00000067bde00000,0x00000067bdf00000)]
  0x00000266f9484e50 JavaThread "Execution worker Thread 3" [_thread_blocked, id=24536, stack(0x00000067bdf00000,0x00000067be000000)]
  0x00000266f9486290 JavaThread "Execution worker Thread 4" [_thread_blocked, id=11192, stack(0x00000067be000000,0x00000067be100000)]
  0x00000266f9484430 JavaThread "Execution worker Thread 5" [_thread_blocked, id=5736, stack(0x00000067be100000,0x00000067be200000)]
  0x00000266f94825d0 JavaThread "Execution worker Thread 6" [_thread_blocked, id=24744, stack(0x00000067be200000,0x00000067be300000)]
  0x00000266f9485360 JavaThread "Execution worker Thread 7" [_thread_blocked, id=14180, stack(0x00000067be300000,0x00000067be400000)]
  0x00000266f9485870 JavaThread "Execution worker Thread 8" [_thread_blocked, id=12944, stack(0x00000067be400000,0x00000067be500000)]
  0x00000266f9481bb0 JavaThread "Execution worker Thread 9" [_thread_blocked, id=16612, stack(0x00000067be600000,0x00000067be700000)]
  0x00000266f9482ff0 JavaThread "Execution worker Thread 10" [_thread_blocked, id=14176, stack(0x00000067be700000,0x00000067be800000)]
  0x00000266f9480c80 JavaThread "Execution worker Thread 11" [_thread_blocked, id=25084, stack(0x00000067be800000,0x00000067be900000)]
  0x00000266f9482ae0 JavaThread "Cache worker for execution history cache (D:\New-Branch\node_modules\@react-native\gradle-plugin\.gradle\8.13\executionHistory)" [_thread_blocked, id=6612, stack(0x00000067be900000,0x00000067bea00000)]
  0x00000266f9480260 JavaThread "Unconstrained build operations Thread 27" [_thread_blocked, id=7100, stack(0x00000067bea00000,0x00000067beb00000)]
  0x00000266f94816a0 JavaThread "Unconstrained build operations Thread 28" [_thread_blocked, id=3872, stack(0x00000067beb00000,0x00000067bec00000)]
  0x00000266f947a230 JavaThread "Unconstrained build operations Thread 29" [_thread_blocked, id=1248, stack(0x00000067bec00000,0x00000067bed00000)]
  0x00000266f9483500 JavaThread "Unconstrained build operations Thread 30" [_thread_blocked, id=29128, stack(0x00000067bed00000,0x00000067bee00000)]
  0x00000266f94867a0 JavaThread "Unconstrained build operations Thread 31" [_thread_blocked, id=21880, stack(0x00000067bee00000,0x00000067bef00000)]
  0x00000266f9483a10 JavaThread "Unconstrained build operations Thread 32" [_thread_blocked, id=23416, stack(0x00000067bef00000,0x00000067bf000000)]
  0x00000266f9485d80 JavaThread "Unconstrained build operations Thread 33" [_thread_blocked, id=19312, stack(0x00000067bf100000,0x00000067bf200000)]
  0x00000266eeb226b0 JavaThread "Unconstrained build operations Thread 34" [_thread_blocked, id=23088, stack(0x00000067bf200000,0x00000067bf300000)]
  0x00000266eeb24510 JavaThread "Unconstrained build operations Thread 35" [_thread_blocked, id=23460, stack(0x00000067bf300000,0x00000067bf400000)]
  0x00000266eeb23af0 JavaThread "Unconstrained build operations Thread 36" [_thread_blocked, id=6932, stack(0x00000067bf400000,0x00000067bf500000)]
  0x00000266eeb22bc0 JavaThread "Unconstrained build operations Thread 37" [_thread_blocked, id=11980, stack(0x00000067bf500000,0x00000067bf600000)]
  0x00000266eeb25e60 JavaThread "Unconstrained build operations Thread 38" [_thread_blocked, id=7008, stack(0x00000067bf600000,0x00000067bf700000)]
  0x00000266eeb25440 JavaThread "Unconstrained build operations Thread 39" [_thread_blocked, id=13608, stack(0x00000067bf700000,0x00000067bf800000)]
  0x00000266eeb20850 JavaThread "Unconstrained build operations Thread 40" [_thread_blocked, id=19196, stack(0x00000067bf800000,0x00000067bf900000)]
  0x00000266eeb20d60 JavaThread "Unconstrained build operations Thread 41" [_thread_blocked, id=30192, stack(0x00000067bf900000,0x00000067bfa00000)]
  0x00000266eeb221a0 JavaThread "Unconstrained build operations Thread 42" [_thread_blocked, id=21308, stack(0x00000067bfa00000,0x00000067bfb00000)]
  0x00000266eeb230d0 JavaThread "Unconstrained build operations Thread 43" [_thread_blocked, id=13420, stack(0x00000067bfb00000,0x00000067bfc00000)]
  0x00000266eeb26d90 JavaThread "Unconstrained build operations Thread 44" [_thread_blocked, id=3140, stack(0x00000067bfc00000,0x00000067bfd00000)]
  0x00000266eeb235e0 JavaThread "Unconstrained build operations Thread 45" [_thread_blocked, id=18100, stack(0x00000067bfd00000,0x00000067bfe00000)]
  0x00000266eeb24000 JavaThread "Unconstrained build operations Thread 46" [_thread_blocked, id=4504, stack(0x00000067bfe00000,0x00000067bff00000)]
  0x00000266eeb26880 JavaThread "Unconstrained build operations Thread 47" [_thread_blocked, id=25332, stack(0x00000067bff00000,0x00000067c0000000)]
  0x00000266eeb281d0 JavaThread "Unconstrained build operations Thread 48" [_thread_blocked, id=27532, stack(0x00000067c0000000,0x00000067c0100000)]
  0x00000266eeb24a20 JavaThread "Unconstrained build operations Thread 49" [_thread_blocked, id=30968, stack(0x00000067c0100000,0x00000067c0200000)]
  0x00000266eeb24f30 JavaThread "Unconstrained build operations Thread 50" [_thread_blocked, id=29348, stack(0x00000067c0200000,0x00000067c0300000)]
  0x00000266eeb272a0 JavaThread "Unconstrained build operations Thread 51" [_thread_blocked, id=3088, stack(0x00000067c0300000,0x00000067c0400000)]
  0x00000266eeb21270 JavaThread "Unconstrained build operations Thread 52" [_thread_blocked, id=22112, stack(0x00000067c0400000,0x00000067c0500000)]
  0x00000266eeb26370 JavaThread "Unconstrained build operations Thread 53" [_thread_blocked, id=25228, stack(0x00000067c0500000,0x00000067c0600000)]
  0x00000266eeb21780 JavaThread "Unconstrained build operations Thread 54" [_thread_blocked, id=21280, stack(0x00000067c0600000,0x00000067c0700000)]
  0x00000266eeb25950 JavaThread "Unconstrained build operations Thread 55" [_thread_blocked, id=15860, stack(0x00000067c0700000,0x00000067c0800000)]
  0x00000266eeb277b0 JavaThread "Unconstrained build operations Thread 56" [_thread_blocked, id=11748, stack(0x00000067c0800000,0x00000067c0900000)]
  0x00000266ed89ea20 JavaThread "Unconstrained build operations Thread 57" [_thread_blocked, id=21144, stack(0x00000067c0900000,0x00000067c0a00000)]
  0x00000266ed8a0880 JavaThread "Unconstrained build operations Thread 58" [_thread_blocked, id=13988, stack(0x00000067c0a00000,0x00000067c0b00000)]
  0x00000266ed8a0d90 JavaThread "Unconstrained build operations Thread 59" [_thread_blocked, id=23388, stack(0x00000067c0b00000,0x00000067c0c00000)]
  0x00000266ed89f440 JavaThread "Unconstrained build operations Thread 60" [_thread_blocked, id=17504, stack(0x00000067c0c00000,0x00000067c0d00000)]
  0x00000266ed8a26e0 JavaThread "Unconstrained build operations Thread 61" [_thread_blocked, id=25100, stack(0x00000067c0d00000,0x00000067c0e00000)]
  0x00000266ed8a5e90 JavaThread "Unconstrained build operations Thread 62" [_thread_blocked, id=28688, stack(0x00000067c0e00000,0x00000067c0f00000)]
  0x00000266ed8a0370 JavaThread "Unconstrained build operations Thread 63" [_thread_blocked, id=19208, stack(0x00000067c0f00000,0x00000067c1000000)]
  0x00000266ed8a3610 JavaThread "Unconstrained build operations Thread 64" [_thread_blocked, id=25680, stack(0x00000067c1000000,0x00000067c1100000)]
  0x00000266ed8a12a0 JavaThread "Unconstrained build operations Thread 65" [_thread_blocked, id=27564, stack(0x00000067c1100000,0x00000067c1200000)]
  0x00000266ed8a3b20 JavaThread "Unconstrained build operations Thread 66" [_thread_blocked, id=5652, stack(0x00000067c1200000,0x00000067c1300000)]
  0x00000266ed8a17b0 JavaThread "Unconstrained build operations Thread 67" [_thread_blocked, id=6764, stack(0x00000067c1300000,0x00000067c1400000)]
  0x00000266ed8a4540 JavaThread "Unconstrained build operations Thread 68" [_thread_blocked, id=4824, stack(0x00000067c1400000,0x00000067c1500000)]
  0x00000266ed89ef30 JavaThread "Unconstrained build operations Thread 69" [_thread_blocked, id=22316, stack(0x00000067c1500000,0x00000067c1600000)]
  0x00000266ed8a4a50 JavaThread "Unconstrained build operations Thread 70" [_thread_blocked, id=8448, stack(0x00000067c1600000,0x00000067c1700000)]
  0x00000266ed89f950 JavaThread "Unconstrained build operations Thread 71" [_thread_blocked, id=30964, stack(0x00000067c1700000,0x00000067c1800000)]
  0x00000266ed8a5470 JavaThread "Unconstrained build operations Thread 72" [_thread_blocked, id=30812, stack(0x00000067c1800000,0x00000067c1900000)]
  0x00000266ed89fe60 JavaThread "Unconstrained build operations Thread 73" [_thread_blocked, id=23880, stack(0x00000067c1900000,0x00000067c1a00000)]
  0x00000266ed8a4f60 JavaThread "Unconstrained build operations Thread 74" [_thread_blocked, id=188, stack(0x00000067c1a00000,0x00000067c1b00000)]
  0x00000266ed8a5980 JavaThread "Unconstrained build operations Thread 75" [_thread_blocked, id=31636, stack(0x00000067c1b00000,0x00000067c1c00000)]
  0x00000266ed8a1cc0 JavaThread "Unconstrained build operations Thread 76" [_thread_blocked, id=19612, stack(0x00000067c1c00000,0x00000067c1d00000)]
  0x00000266eca9c360 JavaThread "Unconstrained build operations Thread 77" [_thread_blocked, id=21992, stack(0x00000067c1d00000,0x00000067c1e00000)]
  0x00000266eca9d7a0 JavaThread "Unconstrained build operations Thread 78" [_thread_blocked, id=18984, stack(0x00000067c1e00000,0x00000067c1f00000)]
  0x00000266ecaa1460 JavaThread "Unconstrained build operations Thread 79" [_thread_blocked, id=11092, stack(0x00000067c1f00000,0x00000067c2000000)]
  0x00000266ecaa2390 JavaThread "Unconstrained build operations Thread 80" [_thread_blocked, id=25892, stack(0x00000067c2000000,0x00000067c2100000)]
  0x00000266eca9f600 JavaThread "Unconstrained build operations Thread 81" [_thread_blocked, id=8016, stack(0x00000067c2100000,0x00000067c2200000)]
  0x00000266ecaa28a0 JavaThread "Unconstrained build operations Thread 82" [_thread_blocked, id=26520, stack(0x00000067c2200000,0x00000067c2300000)]
  0x00000266eca9fb10 JavaThread "Unconstrained build operations Thread 83" [_thread_blocked, id=2816, stack(0x00000067c2300000,0x00000067c2400000)]
  0x00000266ecaa1970 JavaThread "Unconstrained build operations Thread 84" [_thread_blocked, id=6232, stack(0x00000067c2400000,0x00000067c2500000)]
  0x00000266eca9b940 JavaThread "Unconstrained build operations Thread 85" [_thread_blocked, id=7492, stack(0x00000067c2500000,0x00000067c2600000)]
  0x00000266ecaa2db0 JavaThread "Unconstrained build operations Thread 86" [_thread_blocked, id=14660, stack(0x00000067c2600000,0x00000067c2700000)]
  0x00000266ecaa0020 JavaThread "Unconstrained build operations Thread 87" [_thread_blocked, id=20872, stack(0x00000067c2700000,0x00000067c2800000)]
  0x00000266ecaa0a40 JavaThread "Unconstrained build operations Thread 88" [_thread_blocked, id=28104, stack(0x00000067c2800000,0x00000067c2900000)]
  0x00000266eca9c870 JavaThread "Unconstrained build operations Thread 89" [_thread_blocked, id=12976, stack(0x00000067c2900000,0x00000067c2a00000)]
  0x00000266eca9be50 JavaThread "Unconstrained build operations Thread 90" [_thread_blocked, id=31288, stack(0x00000067c2a00000,0x00000067c2b00000)]
  0x00000266eca9e1c0 JavaThread "Unconstrained build operations Thread 91" [_thread_blocked, id=26816, stack(0x00000067c2b00000,0x00000067c2c00000)]
  0x00000266eda91810 JavaThread "Unconstrained build operations Thread 92" [_thread_blocked, id=14068, stack(0x00000067c2c00000,0x00000067c2d00000)]
  0x00000266eda92230 JavaThread "Unconstrained build operations Thread 93" [_thread_blocked, id=24852, stack(0x00000067c2d00000,0x00000067c2e00000)]
  0x00000266eda8fec0 JavaThread "Unconstrained build operations Thread 94" [_thread_blocked, id=22804, stack(0x00000067c2e00000,0x00000067c2f00000)]
  0x00000266eda93160 JavaThread "Unconstrained build operations Thread 95" [_thread_blocked, id=14108, stack(0x00000067c2f00000,0x00000067c3000000)]
  0x00000266eda94fc0 JavaThread "Unconstrained build operations Thread 96" [_thread_blocked, id=31084, stack(0x00000067c3000000,0x00000067c3100000)]
  0x00000266eda945a0 JavaThread "Unconstrained build operations Thread 97" [_thread_blocked, id=2032, stack(0x00000067c3100000,0x00000067c3200000)]
  0x00000266eda94090 JavaThread "Unconstrained build operations Thread 98" [_thread_blocked, id=21824, stack(0x00000067c3200000,0x00000067c3300000)]
  0x00000266eda94ab0 JavaThread "build event listener" [_thread_blocked, id=22192, stack(0x00000067c3300000,0x00000067c3400000)]
  0x00000266eda8e060 JavaThread "Problems report writer" [_thread_blocked, id=11008, stack(0x00000067c3400000,0x00000067c3500000)]
  0x00000266eda8ea80 JavaThread "Unconstrained build operations Thread 99" [_thread_blocked, id=30344, stack(0x00000067c3500000,0x00000067c3600000)]
  0x00000266eda8ef90 JavaThread "Unconstrained build operations Thread 100" [_thread_blocked, id=9768, stack(0x00000067c3600000,0x00000067c3700000)]
  0x00000266eda8f4a0 JavaThread "Unconstrained build operations Thread 101" [_thread_blocked, id=20440, stack(0x00000067c3700000,0x00000067c3800000)]
  0x00000266eda8f9b0 JavaThread "Unconstrained build operations Thread 102" [_thread_blocked, id=28644, stack(0x00000067c3800000,0x00000067c3900000)]
  0x00000266ec4a5ea0 JavaThread "Unconstrained build operations Thread 103" [_thread_blocked, id=24504, stack(0x00000067c3900000,0x00000067c3a00000)]
  0x00000266ec4a6dd0 JavaThread "Unconstrained build operations Thread 104" [_thread_blocked, id=3728, stack(0x00000067c3a00000,0x00000067c3b00000)]
  0x00000266ec4a72e0 JavaThread "Unconstrained build operations Thread 105" [_thread_blocked, id=22812, stack(0x00000067c3b00000,0x00000067c3c00000)]
  0x00000266ec4a77f0 JavaThread "Unconstrained build operations Thread 106" [_thread_blocked, id=22692, stack(0x00000067c3c00000,0x00000067c3d00000)]
  0x00000266ec4a7d00 JavaThread "Unconstrained build operations Thread 107" [_thread_blocked, id=18060, stack(0x00000067c3d00000,0x00000067c3e00000)]
  0x00000266ec4a5990 JavaThread "Unconstrained build operations Thread 108" [_thread_blocked, id=20752, stack(0x00000067c3e00000,0x00000067c3f00000)]
  0x00000266ec4a8210 JavaThread "Unconstrained build operations Thread 109" [_thread_blocked, id=10940, stack(0x00000067c3f00000,0x00000067c4000000)]
  0x00000266f0125b90 JavaThread "Unconstrained build operations Thread 110" [_thread_blocked, id=28968, stack(0x00000067c4000000,0x00000067c4100000)]
  0x00000266f012a780 JavaThread "Unconstrained build operations Thread 111" [_thread_blocked, id=28928, stack(0x00000067c4100000,0x00000067c4200000)]
  0x00000266f012c5e0 JavaThread "Unconstrained build operations Thread 112" [_thread_blocked, id=30596, stack(0x00000067c4200000,0x00000067c4300000)]
  0x00000266f01260a0 JavaThread "Unconstrained build operations Thread 113" [_thread_blocked, id=13872, stack(0x00000067c4300000,0x00000067c4400000)]
  0x00000266f012bbc0 JavaThread "Unconstrained build operations Thread 114" [_thread_blocked, id=30328, stack(0x00000067c4400000,0x00000067c4500000)]
  0x00000266f012caf0 JavaThread "Unconstrained build operations Thread 115" [_thread_blocked, id=29920, stack(0x00000067c4600000,0x00000067c4700000)]
  0x00000266eca9cd80 JavaThread "Unconstrained build operations Thread 116" [_thread_blocked, id=12556, stack(0x00000067c4700000,0x00000067c4800000)]
  0x00000266f8e849c0 JavaThread "Unconstrained build operations Thread 117" [_thread_blocked, id=11220, stack(0x00000067c4800000,0x00000067c4900000)]
  0x00000266f8e7f8c0 JavaThread "Unconstrained build operations Thread 118" [_thread_blocked, id=29132, stack(0x00000067c4900000,0x00000067c4a00000)]
  0x00000266f8e81c30 JavaThread "Unconstrained build operations Thread 119" [_thread_blocked, id=5744, stack(0x00000067c4a00000,0x00000067c4b00000)]
  0x00000266f8e84ed0 JavaThread "Unconstrained build operations Thread 120" [_thread_blocked, id=17176, stack(0x00000067c4b00000,0x00000067c4c00000)]

Other Threads:
  0x00000266e6c57b30 VMThread "VM Thread" [stack: 0x00000067b8d00000,0x00000067b8e00000] [id=31616]
  0x00000266eb19f2b0 WatcherThread [stack: 0x00000067b9900000,0x00000067b9a00000] [id=28944]
  0x00000266c1ab82f0 GCTaskThread "GC Thread#0" [stack: 0x00000067b8800000,0x00000067b8900000] [id=10904]
  0x00000266eb3c40a0 GCTaskThread "GC Thread#1" [stack: 0x00000067b9b00000,0x00000067b9c00000] [id=2240]
  0x00000266eb47f6a0 GCTaskThread "GC Thread#2" [stack: 0x00000067b9c00000,0x00000067b9d00000] [id=11648]
  0x00000266eb36e7c0 GCTaskThread "GC Thread#3" [stack: 0x00000067b9d00000,0x00000067b9e00000] [id=29416]
  0x00000266eb7cd390 GCTaskThread "GC Thread#4" [stack: 0x00000067b9e00000,0x00000067b9f00000] [id=15660]
  0x00000266eba48f40 GCTaskThread "GC Thread#5" [stack: 0x00000067b9f00000,0x00000067ba000000] [id=24904]
  0x00000266eeeda1d0 GCTaskThread "GC Thread#6" [stack: 0x00000067bad00000,0x00000067bae00000] [id=24828]
  0x00000266eeedaa10 GCTaskThread "GC Thread#7" [stack: 0x00000067bae00000,0x00000067baf00000] [id=28912]
  0x00000266eeeda750 GCTaskThread "GC Thread#8" [stack: 0x00000067baf00000,0x00000067bb000000] [id=12968]
  0x00000266eeeda490 GCTaskThread "GC Thread#9" [stack: 0x00000067bb000000,0x00000067bb100000] [id=14244]
  0x00000266c1ac9240 ConcurrentGCThread "G1 Main Marker" [stack: 0x00000067b8900000,0x00000067b8a00000] [id=6492]
  0x00000266c1ac9c50 ConcurrentGCThread "G1 Conc#0" [stack: 0x00000067b8a00000,0x00000067b8b00000] [id=21164]
  0x00000266eeedacd0 ConcurrentGCThread "G1 Conc#1" [stack: 0x00000067bb300000,0x00000067bb400000] [id=29100]
  0x00000266eeedaf90 ConcurrentGCThread "G1 Conc#2" [stack: 0x00000067bb400000,0x00000067bb500000] [id=17988]
  0x00000266c1afe640 ConcurrentGCThread "G1 Refine#0" [stack: 0x00000067b8b00000,0x00000067b8c00000] [id=31408]
  0x00000266ec330220 ConcurrentGCThread "G1 Refine#1" [stack: 0x00000067c5c00000,0x00000067c5d00000] [id=24860]
  0x00000266f1ca8810 ConcurrentGCThread "G1 Refine#2" [stack: 0x00000067c5700000,0x00000067c5800000] [id=23304]
  0x00000266f1405ea0 ConcurrentGCThread "G1 Refine#3" [stack: 0x00000067c4d00000,0x00000067c4e00000] [id=7436]
  0x00000266f1ca7f40 ConcurrentGCThread "G1 Refine#4" [stack: 0x00000067c4e00000,0x00000067c4f00000] [id=20604]
  0x00000266ec32fc40 ConcurrentGCThread "G1 Refine#5" [stack: 0x00000067c4f00000,0x00000067c5000000] [id=30876]
  0x00000266f1ca8230 ConcurrentGCThread "G1 Refine#6" [stack: 0x00000067c5000000,0x00000067c5100000] [id=30264]
  0x00000266f9a1d060 ConcurrentGCThread "G1 Refine#7" [stack: 0x00000067c5400000,0x00000067c5500000] [id=27908]
  0x00000266f1c2b300 ConcurrentGCThread "G1 Refine#8" [stack: 0x00000067c5d00000,0x00000067c5e00000] [id=14824]
  0x00000266ee6987a0 ConcurrentGCThread "G1 Refine#9" [stack: 0x00000067c5e00000,0x00000067c5f00000] [id=10052]
  0x00000266e6b15310 ConcurrentGCThread "G1 Service" [stack: 0x00000067b8c00000,0x00000067b8d00000] [id=24444]

Threads with active compile tasks:
C2 CompilerThread0  8610281 26661       4       org.gradle.api.plugins.JavaPluginConvention::getMetaClass (30 bytes)

VM state: not at safepoint (normal execution)

VM Mutex/Monitor currently owned by a thread: None

Heap address: 0x0000000700000000, size: 4096 MB, Compressed Oops mode: Zero based, Oop shift amount: 3

CDS archive(s) mapped at: [0x0000026680000000-0x0000026680bd0000-0x0000026680bd0000), size 12386304, SharedBaseAddress: 0x0000026680000000, ArchiveRelocationMode: 1.
Compressed class space mapped at: 0x0000026681000000-0x00000266c1000000, reserved size: 1073741824
Narrow klass base: 0x0000026680000000, Narrow klass shift: 0, Narrow klass range: 0x100000000

GC Precious Log:
 CPUs: 12 total, 12 available
 Memory: 7563M
 Large Page Support: Disabled
 NUMA Support: Disabled
 Compressed Oops: Enabled (Zero based)
 Heap Region Size: 2M
 Heap Min Capacity: 8M
 Heap Initial Capacity: 120M
 Heap Max Capacity: 4G
 Pre-touch: Disabled
 Parallel Workers: 10
 Concurrent Workers: 3
 Concurrent Refinement Workers: 10
 Periodic GC: Disabled

Heap:
 garbage-first heap   total 700416K, used 448512K [0x0000000700000000, 0x0000000800000000)
  region size 2048K, 59 young (120832K), 15 survivors (30720K)
 Metaspace       used 128914K, committed 131584K, reserved 1179648K
  class space    used 17583K, committed 18752K, reserved 1048576K

Heap Regions: E=young(eden), S=young(survivor), O=old, HS=humongous(starts), HC=humongous(continues), CS=collection set, F=free, OA=open archive, CA=closed archive, TAMS=top-at-mark-start (previous, next)
|   0|0x0000000700000000, 0x0000000700200000, 0x0000000700200000|100%|HS|  |TAMS 0x0000000700200000, 0x0000000700000000| Complete 
|   1|0x0000000700200000, 0x0000000700400000, 0x0000000700400000|100%|HC|  |TAMS 0x0000000700400000, 0x0000000700200000| Complete 
|   2|0x0000000700400000, 0x0000000700600000, 0x0000000700600000|100%| O|  |TAMS 0x0000000700600000, 0x0000000700400000| Untracked 
|   3|0x0000000700600000, 0x0000000700800000, 0x0000000700800000|100%| O|  |TAMS 0x0000000700800000, 0x0000000700600000| Untracked 
|   4|0x0000000700800000, 0x0000000700a00000, 0x0000000700a00000|100%| O|  |TAMS 0x0000000700a00000, 0x0000000700800000| Untracked 
|   5|0x0000000700a00000, 0x0000000700c00000, 0x0000000700c00000|100%| O|  |TAMS 0x0000000700c00000, 0x0000000700a00000| Untracked 
|   6|0x0000000700c00000, 0x0000000700e00000, 0x0000000700e00000|100%| O|  |TAMS 0x0000000700e00000, 0x0000000700c00000| Untracked 
|   7|0x0000000700e00000, 0x0000000701000000, 0x0000000701000000|100%| O|  |TAMS 0x0000000701000000, 0x0000000700e00000| Untracked 
|   8|0x0000000701000000, 0x0000000701200000, 0x0000000701200000|100%| O|  |TAMS 0x0000000701200000, 0x0000000701000000| Untracked 
|   9|0x0000000701200000, 0x0000000701400000, 0x0000000701400000|100%| O|  |TAMS 0x0000000701400000, 0x0000000701200000| Untracked 
|  10|0x0000000701400000, 0x0000000701600000, 0x0000000701600000|100%| O|  |TAMS 0x0000000701600000, 0x0000000701400000| Untracked 
|  11|0x0000000701600000, 0x0000000701800000, 0x0000000701800000|100%| O|  |TAMS 0x0000000701800000, 0x0000000701600000| Untracked 
|  12|0x0000000701800000, 0x0000000701a00000, 0x0000000701a00000|100%| O|  |TAMS 0x0000000701a00000, 0x0000000701800000| Untracked 
|  13|0x0000000701a00000, 0x0000000701c00000, 0x0000000701c00000|100%| O|  |TAMS 0x0000000701c00000, 0x0000000701a00000| Untracked 
|  14|0x0000000701c00000, 0x0000000701e00000, 0x0000000701e00000|100%|HS|  |TAMS 0x0000000701e00000, 0x0000000701c00000| Complete 
|  15|0x0000000701e00000, 0x0000000702000000, 0x0000000702000000|100%| O|  |TAMS 0x0000000702000000, 0x0000000701e00000| Untracked 
|  16|0x0000000702000000, 0x0000000702200000, 0x0000000702200000|100%| O|  |TAMS 0x0000000702200000, 0x0000000702000000| Untracked 
|  17|0x0000000702200000, 0x0000000702400000, 0x0000000702400000|100%| O|  |TAMS 0x0000000702400000, 0x0000000702200000| Untracked 
|  18|0x0000000702400000, 0x0000000702600000, 0x0000000702600000|100%| O|  |TAMS 0x0000000702600000, 0x0000000702400000| Untracked 
|  19|0x0000000702600000, 0x0000000702800000, 0x0000000702800000|100%|HS|  |TAMS 0x0000000702800000, 0x0000000702600000| Complete 
|  20|0x0000000702800000, 0x0000000702a00000, 0x0000000702a00000|100%|HC|  |TAMS 0x0000000702a00000, 0x0000000702800000| Complete 
|  21|0x0000000702a00000, 0x0000000702c00000, 0x0000000702c00000|100%|HS|  |TAMS 0x0000000702c00000, 0x0000000702a00000| Complete 
|  22|0x0000000702c00000, 0x0000000702e00000, 0x0000000702e00000|100%| O|  |TAMS 0x0000000702e00000, 0x0000000702c00000| Untracked 
|  23|0x0000000702e00000, 0x0000000703000000, 0x0000000703000000|100%| O|  |TAMS 0x0000000703000000, 0x0000000702e00000| Untracked 
|  24|0x0000000703000000, 0x0000000703200000, 0x0000000703200000|100%| O|  |TAMS 0x0000000703200000, 0x0000000703000000| Complete 
|  25|0x0000000703200000, 0x0000000703400000, 0x0000000703400000|100%| O|  |TAMS 0x0000000703400000, 0x0000000703200000| Complete 
|  26|0x0000000703400000, 0x0000000703600000, 0x0000000703600000|100%| O|  |TAMS 0x0000000703600000, 0x0000000703400000| Untracked 
|  27|0x0000000703600000, 0x0000000703800000, 0x0000000703800000|100%|HS|  |TAMS 0x0000000703800000, 0x0000000703600000| Complete 
|  28|0x0000000703800000, 0x0000000703a00000, 0x0000000703a00000|100%|HC|  |TAMS 0x0000000703a00000, 0x0000000703800000| Complete 
|  29|0x0000000703a00000, 0x0000000703c00000, 0x0000000703c00000|100%| O|  |TAMS 0x0000000703c00000, 0x0000000703a00000| Untracked 
|  30|0x0000000703c00000, 0x0000000703e00000, 0x0000000703e00000|100%| O|  |TAMS 0x0000000703e00000, 0x0000000703c00000| Untracked 
|  31|0x0000000703e00000, 0x0000000704000000, 0x0000000704000000|100%| O|  |TAMS 0x0000000704000000, 0x0000000703e00000| Untracked 
|  32|0x0000000704000000, 0x0000000704200000, 0x0000000704200000|100%| O|  |TAMS 0x0000000704000000, 0x0000000704000000| Untracked 
|  33|0x0000000704200000, 0x0000000704400000, 0x0000000704400000|100%| O|  |TAMS 0x0000000704400000, 0x0000000704200000| Complete 
|  34|0x0000000704400000, 0x0000000704600000, 0x0000000704600000|100%| O|  |TAMS 0x0000000704600000, 0x0000000704400000| Complete 
|  35|0x0000000704600000, 0x0000000704800000, 0x0000000704800000|100%| O|  |TAMS 0x0000000704800000, 0x0000000704600000| Untracked 
|  36|0x0000000704800000, 0x0000000704800000, 0x0000000704a00000|  0%| F|  |TAMS 0x0000000704800000, 0x0000000704800000| Untracked 
|  37|0x0000000704a00000, 0x0000000704c00000, 0x0000000704c00000|100%| O|  |TAMS 0x0000000704c00000, 0x0000000704a00000| Untracked 
|  38|0x0000000704c00000, 0x0000000704e00000, 0x0000000704e00000|100%| O|  |TAMS 0x0000000704e00000, 0x0000000704c00000| Untracked 
|  39|0x0000000704e00000, 0x0000000704e00000, 0x0000000705000000|  0%| F|  |TAMS 0x0000000704e00000, 0x0000000704e00000| Untracked 
|  40|0x0000000705000000, 0x0000000705200000, 0x0000000705200000|100%| O|  |TAMS 0x0000000705200000, 0x0000000705000000| Complete 
|  41|0x0000000705200000, 0x0000000705400000, 0x0000000705400000|100%| O|  |TAMS 0x0000000705400000, 0x0000000705200000| Untracked 
|  42|0x0000000705400000, 0x0000000705600000, 0x0000000705600000|100%| O|  |TAMS 0x0000000705600000, 0x0000000705400000| Untracked 
|  43|0x0000000705600000, 0x0000000705600000, 0x0000000705800000|  0%| F|  |TAMS 0x0000000705600000, 0x0000000705600000| Untracked 
|  44|0x0000000705800000, 0x0000000705800000, 0x0000000705a00000|  0%| F|  |TAMS 0x0000000705800000, 0x0000000705800000| Untracked 
|  45|0x0000000705a00000, 0x0000000705a00000, 0x0000000705c00000|  0%| F|  |TAMS 0x0000000705a00000, 0x0000000705a00000| Untracked 
|  46|0x0000000705c00000, 0x0000000705e00000, 0x0000000705e00000|100%| O|  |TAMS 0x0000000705e00000, 0x0000000705c00000| Untracked 
|  47|0x0000000705e00000, 0x0000000706000000, 0x0000000706000000|100%| O|  |TAMS 0x0000000706000000, 0x0000000705e00000| Untracked 
|  48|0x0000000706000000, 0x0000000706200000, 0x0000000706200000|100%| O|  |TAMS 0x0000000706200000, 0x0000000706000000| Untracked 
|  49|0x0000000706200000, 0x0000000706400000, 0x0000000706400000|100%|HS|  |TAMS 0x0000000706400000, 0x0000000706200000| Complete 
|  50|0x0000000706400000, 0x0000000706600000, 0x0000000706600000|100%| O|  |TAMS 0x0000000706600000, 0x0000000706400000| Untracked 
|  51|0x0000000706600000, 0x0000000706800000, 0x0000000706800000|100%| O|  |TAMS 0x0000000706800000, 0x0000000706600000| Untracked 
|  52|0x0000000706800000, 0x0000000706a00000, 0x0000000706a00000|100%| O|  |TAMS 0x0000000706a00000, 0x0000000706800000| Complete 
|  53|0x0000000706a00000, 0x0000000706c00000, 0x0000000706c00000|100%| O|  |TAMS 0x0000000706c00000, 0x0000000706a00000| Untracked 
|  54|0x0000000706c00000, 0x0000000706e00000, 0x0000000706e00000|100%| O|  |TAMS 0x0000000706e00000, 0x0000000706c00000| Untracked 
|  55|0x0000000706e00000, 0x0000000707000000, 0x0000000707000000|100%| O|  |TAMS 0x0000000707000000, 0x0000000706e00000| Untracked 
|  56|0x0000000707000000, 0x0000000707200000, 0x0000000707200000|100%| O|  |TAMS 0x0000000707200000, 0x0000000707000000| Untracked 
|  57|0x0000000707200000, 0x0000000707400000, 0x0000000707400000|100%| O|  |TAMS 0x0000000707400000, 0x0000000707200000| Untracked 
|  58|0x0000000707400000, 0x0000000707600000, 0x0000000707600000|100%| O|  |TAMS 0x0000000707600000, 0x0000000707400000| Untracked 
|  59|0x0000000707600000, 0x0000000707800000, 0x0000000707800000|100%| O|  |TAMS 0x0000000707800000, 0x0000000707600000| Untracked 
|  60|0x0000000707800000, 0x0000000707a00000, 0x0000000707a00000|100%| O|  |TAMS 0x0000000707a00000, 0x0000000707800000| Complete 
|  61|0x0000000707a00000, 0x0000000707c00000, 0x0000000707c00000|100%| O|  |TAMS 0x0000000707c00000, 0x0000000707a00000| Untracked 
|  62|0x0000000707c00000, 0x0000000707e00000, 0x0000000707e00000|100%| O|  |TAMS 0x0000000707e00000, 0x0000000707c00000| Untracked 
|  63|0x0000000707e00000, 0x0000000708000000, 0x0000000708000000|100%| O|  |TAMS 0x0000000708000000, 0x0000000707e00000| Untracked 
|  64|0x0000000708000000, 0x0000000708200000, 0x0000000708200000|100%| O|  |TAMS 0x0000000708200000, 0x0000000708000000| Untracked 
|  65|0x0000000708200000, 0x0000000708200000, 0x0000000708400000|  0%| F|  |TAMS 0x0000000708200000, 0x0000000708200000| Untracked 
|  66|0x0000000708400000, 0x0000000708400000, 0x0000000708600000|  0%| F|  |TAMS 0x0000000708400000, 0x0000000708400000| Untracked 
|  67|0x0000000708600000, 0x0000000708800000, 0x0000000708800000|100%| O|  |TAMS 0x0000000708800000, 0x0000000708600000| Untracked 
|  68|0x0000000708800000, 0x0000000708a00000, 0x0000000708a00000|100%| O|  |TAMS 0x0000000708a00000, 0x0000000708800000| Untracked 
|  69|0x0000000708a00000, 0x0000000708c00000, 0x0000000708c00000|100%| O|  |TAMS 0x0000000708c00000, 0x0000000708a00000| Untracked 
|  70|0x0000000708c00000, 0x0000000708e00000, 0x0000000708e00000|100%| O|  |TAMS 0x0000000708e00000, 0x0000000708c00000| Untracked 
|  71|0x0000000708e00000, 0x0000000709000000, 0x0000000709000000|100%|HS|  |TAMS 0x0000000709000000, 0x0000000708e00000| Complete 
|  72|0x0000000709000000, 0x0000000709200000, 0x0000000709200000|100%| O|  |TAMS 0x0000000709200000, 0x0000000709000000| Untracked 
|  73|0x0000000709200000, 0x0000000709200000, 0x0000000709400000|  0%| F|  |TAMS 0x0000000709200000, 0x0000000709200000| Untracked 
|  74|0x0000000709400000, 0x0000000709400000, 0x0000000709600000|  0%| F|  |TAMS 0x0000000709400000, 0x0000000709400000| Untracked 
|  75|0x0000000709600000, 0x0000000709800000, 0x0000000709800000|100%| O|  |TAMS 0x0000000709800000, 0x0000000709600000| Untracked 
|  76|0x0000000709800000, 0x0000000709a00000, 0x0000000709a00000|100%| O|  |TAMS 0x0000000709a00000, 0x0000000709800000| Untracked 
|  77|0x0000000709a00000, 0x0000000709c00000, 0x0000000709c00000|100%| O|  |TAMS 0x0000000709c00000, 0x0000000709a00000| Complete 
|  78|0x0000000709c00000, 0x0000000709e00000, 0x0000000709e00000|100%|HS|  |TAMS 0x0000000709e00000, 0x0000000709c00000| Complete 
|  79|0x0000000709e00000, 0x000000070a000000, 0x000000070a000000|100%| O|  |TAMS 0x000000070a000000, 0x0000000709e00000| Untracked 
|  80|0x000000070a000000, 0x000000070a200000, 0x000000070a200000|100%| O|  |TAMS 0x000000070a200000, 0x000000070a000000| Untracked 
|  81|0x000000070a200000, 0x000000070a400000, 0x000000070a400000|100%| O|  |TAMS 0x000000070a400000, 0x000000070a200000| Untracked 
|  82|0x000000070a400000, 0x000000070a600000, 0x000000070a600000|100%| O|  |TAMS 0x000000070a600000, 0x000000070a400000| Complete 
|  83|0x000000070a600000, 0x000000070a800000, 0x000000070a800000|100%| O|  |TAMS 0x000000070a800000, 0x000000070a600000| Untracked 
|  84|0x000000070a800000, 0x000000070aa00000, 0x000000070aa00000|100%| O|  |TAMS 0x000000070aa00000, 0x000000070a800000| Untracked 
|  85|0x000000070aa00000, 0x000000070ac00000, 0x000000070ac00000|100%| O|  |TAMS 0x000000070ac00000, 0x000000070aa00000| Untracked 
|  86|0x000000070ac00000, 0x000000070ac00000, 0x000000070ae00000|  0%| F|  |TAMS 0x000000070ac00000, 0x000000070ac00000| Untracked 
|  87|0x000000070ae00000, 0x000000070ae00000, 0x000000070b000000|  0%| F|  |TAMS 0x000000070ae00000, 0x000000070ae00000| Untracked 
|  88|0x000000070b000000, 0x000000070b200000, 0x000000070b200000|100%| O|  |TAMS 0x000000070b200000, 0x000000070b000000| Untracked 
|  89|0x000000070b200000, 0x000000070b200000, 0x000000070b400000|  0%| F|  |TAMS 0x000000070b200000, 0x000000070b200000| Untracked 
|  90|0x000000070b400000, 0x000000070b600000, 0x000000070b600000|100%| O|  |TAMS 0x000000070b600000, 0x000000070b400000| Untracked 
|  91|0x000000070b600000, 0x000000070b800000, 0x000000070b800000|100%| O|  |TAMS 0x000000070b800000, 0x000000070b600000| Untracked 
|  92|0x000000070b800000, 0x000000070ba00000, 0x000000070ba00000|100%| O|  |TAMS 0x000000070ba00000, 0x000000070b800000| Untracked 
|  93|0x000000070ba00000, 0x000000070bc00000, 0x000000070bc00000|100%| O|  |TAMS 0x000000070bc00000, 0x000000070ba00000| Untracked 
|  94|0x000000070bc00000, 0x000000070be00000, 0x000000070be00000|100%| O|  |TAMS 0x000000070be00000, 0x000000070bc00000| Untracked 
|  95|0x000000070be00000, 0x000000070be00000, 0x000000070c000000|  0%| F|  |TAMS 0x000000070be00000, 0x000000070be00000| Untracked 
|  96|0x000000070c000000, 0x000000070c200000, 0x000000070c200000|100%| O|  |TAMS 0x000000070c200000, 0x000000070c000000| Untracked 
|  97|0x000000070c200000, 0x000000070c400000, 0x000000070c400000|100%| O|  |TAMS 0x000000070c400000, 0x000000070c200000| Untracked 
|  98|0x000000070c400000, 0x000000070c600000, 0x000000070c600000|100%| O|  |TAMS 0x000000070c600000, 0x000000070c400000| Untracked 
|  99|0x000000070c600000, 0x000000070c800000, 0x000000070c800000|100%| O|  |TAMS 0x000000070c800000, 0x000000070c600000| Untracked 
| 100|0x000000070c800000, 0x000000070ca00000, 0x000000070ca00000|100%| O|  |TAMS 0x000000070ca00000, 0x000000070c800000| Complete 
| 101|0x000000070ca00000, 0x000000070cc00000, 0x000000070cc00000|100%| O|  |TAMS 0x000000070cc00000, 0x000000070ca00000| Untracked 
| 102|0x000000070cc00000, 0x000000070ce00000, 0x000000070ce00000|100%| O|  |TAMS 0x000000070ce00000, 0x000000070cc00000| Complete 
| 103|0x000000070ce00000, 0x000000070d000000, 0x000000070d000000|100%| O|  |TAMS 0x000000070d000000, 0x000000070ce00000| Untracked 
| 104|0x000000070d000000, 0x000000070d200000, 0x000000070d200000|100%| O|  |TAMS 0x000000070d200000, 0x000000070d000000| Untracked 
| 105|0x000000070d200000, 0x000000070d400000, 0x000000070d400000|100%| O|  |TAMS 0x000000070d400000, 0x000000070d200000| Complete 
| 106|0x000000070d400000, 0x000000070d600000, 0x000000070d600000|100%| O|  |TAMS 0x000000070d600000, 0x000000070d400000| Complete 
| 107|0x000000070d600000, 0x000000070d800000, 0x000000070d800000|100%| O|  |TAMS 0x000000070d800000, 0x000000070d600000| Complete 
| 108|0x000000070d800000, 0x000000070da00000, 0x000000070da00000|100%| O|  |TAMS 0x000000070da00000, 0x000000070d800000| Complete 
| 109|0x000000070da00000, 0x000000070dc00000, 0x000000070dc00000|100%| O|  |TAMS 0x000000070dc00000, 0x000000070da00000| Untracked 
| 110|0x000000070dc00000, 0x000000070de00000, 0x000000070de00000|100%| O|  |TAMS 0x000000070de00000, 0x000000070dc00000| Untracked 
| 111|0x000000070de00000, 0x000000070de00000, 0x000000070e000000|  0%| F|  |TAMS 0x000000070de00000, 0x000000070de00000| Untracked 
| 112|0x000000070e000000, 0x000000070e000000, 0x000000070e200000|  0%| F|  |TAMS 0x000000070e000000, 0x000000070e000000| Untracked 
| 113|0x000000070e200000, 0x000000070e400000, 0x000000070e400000|100%| O|  |TAMS 0x000000070e400000, 0x000000070e200000| Untracked 
| 114|0x000000070e400000, 0x000000070e600000, 0x000000070e600000|100%| O|  |TAMS 0x000000070e600000, 0x000000070e400000| Complete 
| 115|0x000000070e600000, 0x000000070e600000, 0x000000070e800000|  0%| F|  |TAMS 0x000000070e600000, 0x000000070e600000| Untracked 
| 116|0x000000070e800000, 0x000000070ea00000, 0x000000070ea00000|100%| O|  |TAMS 0x000000070e8e8a00, 0x000000070e800000| Untracked 
| 117|0x000000070ea00000, 0x000000070ea00000, 0x000000070ec00000|  0%| F|  |TAMS 0x000000070ea00000, 0x000000070ea00000| Untracked 
| 118|0x000000070ec00000, 0x000000070ec00000, 0x000000070ee00000|  0%| F|  |TAMS 0x000000070ec00000, 0x000000070ec00000| Untracked 
| 119|0x000000070ee00000, 0x000000070ee00000, 0x000000070f000000|  0%| F|  |TAMS 0x000000070ee00000, 0x000000070ee00000| Untracked 
| 120|0x000000070f000000, 0x000000070f000000, 0x000000070f200000|  0%| F|  |TAMS 0x000000070f000000, 0x000000070f000000| Untracked 
| 121|0x000000070f200000, 0x000000070f200000, 0x000000070f400000|  0%| F|  |TAMS 0x000000070f200000, 0x000000070f200000| Untracked 
| 122|0x000000070f400000, 0x000000070f400000, 0x000000070f600000|  0%| F|  |TAMS 0x000000070f400000, 0x000000070f400000| Untracked 
| 123|0x000000070f600000, 0x000000070f600000, 0x000000070f800000|  0%| F|  |TAMS 0x000000070f600000, 0x000000070f600000| Untracked 
| 124|0x000000070f800000, 0x000000070fa00000, 0x000000070fa00000|100%| O|  |TAMS 0x000000070fa00000, 0x000000070f800000| Complete 
| 125|0x000000070fa00000, 0x000000070fc00000, 0x000000070fc00000|100%| O|  |TAMS 0x000000070fc00000, 0x000000070fa00000| Untracked 
| 126|0x000000070fc00000, 0x000000070fc00000, 0x000000070fe00000|  0%| F|  |TAMS 0x000000070fc00000, 0x000000070fc00000| Untracked 
| 127|0x000000070fe00000, 0x000000070fe00000, 0x0000000710000000|  0%| F|  |TAMS 0x000000070fe00000, 0x000000070fe00000| Untracked 
| 128|0x0000000710000000, 0x0000000710200000, 0x0000000710200000|100%| O|  |TAMS 0x0000000710200000, 0x0000000710000000| Untracked 
| 129|0x0000000710200000, 0x0000000710200000, 0x0000000710400000|  0%| F|  |TAMS 0x0000000710200000, 0x0000000710200000| Untracked 
| 130|0x0000000710400000, 0x0000000710400000, 0x0000000710600000|  0%| F|  |TAMS 0x0000000710400000, 0x0000000710400000| Untracked 
| 131|0x0000000710600000, 0x0000000710600000, 0x0000000710800000|  0%| F|  |TAMS 0x0000000710600000, 0x0000000710600000| Untracked 
| 132|0x0000000710800000, 0x0000000710800000, 0x0000000710a00000|  0%| F|  |TAMS 0x0000000710800000, 0x0000000710800000| Untracked 
| 133|0x0000000710a00000, 0x0000000710a00000, 0x0000000710c00000|  0%| F|  |TAMS 0x0000000710a00000, 0x0000000710a00000| Untracked 
| 134|0x0000000710c00000, 0x0000000710c00000, 0x0000000710e00000|  0%| F|  |TAMS 0x0000000710c00000, 0x0000000710c00000| Untracked 
| 135|0x0000000710e00000, 0x0000000710e00000, 0x0000000711000000|  0%| F|  |TAMS 0x0000000710e00000, 0x0000000710e00000| Untracked 
| 136|0x0000000711000000, 0x0000000711000000, 0x0000000711200000|  0%| F|  |TAMS 0x0000000711000000, 0x0000000711000000| Untracked 
| 137|0x0000000711200000, 0x0000000711200000, 0x0000000711400000|  0%| F|  |TAMS 0x0000000711200000, 0x0000000711200000| Untracked 
| 138|0x0000000711400000, 0x0000000711400000, 0x0000000711600000|  0%| F|  |TAMS 0x0000000711400000, 0x0000000711400000| Untracked 
| 139|0x0000000711600000, 0x0000000711600000, 0x0000000711800000|  0%| F|  |TAMS 0x0000000711600000, 0x0000000711600000| Untracked 
| 140|0x0000000711800000, 0x0000000711800000, 0x0000000711a00000|  0%| F|  |TAMS 0x0000000711800000, 0x0000000711800000| Untracked 
| 141|0x0000000711a00000, 0x0000000711c00000, 0x0000000711c00000|100%| O|  |TAMS 0x0000000711c00000, 0x0000000711a00000| Untracked 
| 142|0x0000000711c00000, 0x0000000711e00000, 0x0000000711e00000|100%| O|  |TAMS 0x0000000711e00000, 0x0000000711c00000| Untracked 
| 143|0x0000000711e00000, 0x0000000712000000, 0x0000000712000000|100%| O|  |TAMS 0x0000000712000000, 0x0000000711e00000| Untracked 
| 144|0x0000000712000000, 0x0000000712200000, 0x0000000712200000|100%| O|  |TAMS 0x0000000712200000, 0x0000000712000000| Untracked 
| 145|0x0000000712200000, 0x0000000712200000, 0x0000000712400000|  0%| F|  |TAMS 0x0000000712200000, 0x0000000712200000| Untracked 
| 146|0x0000000712400000, 0x0000000712600000, 0x0000000712600000|100%| O|  |TAMS 0x0000000712600000, 0x0000000712400000| Untracked 
| 147|0x0000000712600000, 0x0000000712800000, 0x0000000712800000|100%| O|  |TAMS 0x0000000712800000, 0x0000000712600000| Untracked 
| 148|0x0000000712800000, 0x0000000712a00000, 0x0000000712a00000|100%| O|  |TAMS 0x0000000712a00000, 0x0000000712800000| Complete 
| 149|0x0000000712a00000, 0x0000000712c00000, 0x0000000712c00000|100%| O|  |TAMS 0x0000000712c00000, 0x0000000712a00000| Untracked 
| 150|0x0000000712c00000, 0x0000000712e00000, 0x0000000712e00000|100%| O|  |TAMS 0x0000000712e00000, 0x0000000712c00000| Untracked 
| 151|0x0000000712e00000, 0x0000000712e00000, 0x0000000713000000|  0%| F|  |TAMS 0x0000000712e00000, 0x0000000712e00000| Untracked 
| 152|0x0000000713000000, 0x0000000713200000, 0x0000000713200000|100%| O|  |TAMS 0x0000000713200000, 0x0000000713000000| Untracked 
| 153|0x0000000713200000, 0x0000000713400000, 0x0000000713400000|100%| O|  |TAMS 0x0000000713400000, 0x0000000713200000| Complete 
| 154|0x0000000713400000, 0x0000000713600000, 0x0000000713600000|100%| O|  |TAMS 0x0000000713600000, 0x0000000713400000| Complete 
| 155|0x0000000713600000, 0x0000000713800000, 0x0000000713800000|100%| O|  |TAMS 0x0000000713800000, 0x0000000713600000| Complete 
| 156|0x0000000713800000, 0x0000000713a00000, 0x0000000713a00000|100%| O|  |TAMS 0x0000000713a00000, 0x0000000713800000| Untracked 
| 157|0x0000000713a00000, 0x0000000713a00000, 0x0000000713c00000|  0%| F|  |TAMS 0x0000000713a00000, 0x0000000713a00000| Untracked 
| 158|0x0000000713c00000, 0x0000000713c00000, 0x0000000713e00000|  0%| F|  |TAMS 0x0000000713c00000, 0x0000000713c00000| Untracked 
| 159|0x0000000713e00000, 0x0000000713e00000, 0x0000000714000000|  0%| F|  |TAMS 0x0000000713e00000, 0x0000000713e00000| Untracked 
| 160|0x0000000714000000, 0x0000000714200000, 0x0000000714200000|100%| O|  |TAMS 0x0000000714200000, 0x0000000714000000| Untracked 
| 161|0x0000000714200000, 0x0000000714200000, 0x0000000714400000|  0%| F|  |TAMS 0x0000000714200000, 0x0000000714200000| Untracked 
| 162|0x0000000714400000, 0x0000000714600000, 0x0000000714600000|100%| O|  |TAMS 0x0000000714600000, 0x0000000714400000| Untracked 
| 163|0x0000000714600000, 0x0000000714800000, 0x0000000714800000|100%| O|  |TAMS 0x0000000714800000, 0x0000000714600000| Untracked 
| 164|0x0000000714800000, 0x0000000714a00000, 0x0000000714a00000|100%| O|  |TAMS 0x0000000714a00000, 0x0000000714800000| Untracked 
| 165|0x0000000714a00000, 0x0000000714c00000, 0x0000000714c00000|100%| O|  |TAMS 0x0000000714c00000, 0x0000000714a00000| Untracked 
| 166|0x0000000714c00000, 0x0000000714e00000, 0x0000000714e00000|100%| O|  |TAMS 0x0000000714e00000, 0x0000000714c00000| Untracked 
| 167|0x0000000714e00000, 0x0000000715000000, 0x0000000715000000|100%| O|  |TAMS 0x0000000715000000, 0x0000000714e00000| Untracked 
| 168|0x0000000715000000, 0x0000000715200000, 0x0000000715200000|100%| O|  |TAMS 0x0000000715200000, 0x0000000715000000| Untracked 
| 169|0x0000000715200000, 0x0000000715400000, 0x0000000715400000|100%| O|  |TAMS 0x0000000715400000, 0x0000000715200000| Untracked 
| 170|0x0000000715400000, 0x0000000715600000, 0x0000000715600000|100%| O|  |TAMS 0x0000000715600000, 0x0000000715400000| Untracked 
| 171|0x0000000715600000, 0x0000000715800000, 0x0000000715800000|100%| O|  |TAMS 0x0000000715800000, 0x0000000715600000| Untracked 
| 172|0x0000000715800000, 0x0000000715a00000, 0x0000000715a00000|100%| O|  |TAMS 0x0000000715a00000, 0x0000000715800000| Untracked 
| 173|0x0000000715a00000, 0x0000000715c00000, 0x0000000715c00000|100%| O|  |TAMS 0x0000000715c00000, 0x0000000715a00000| Untracked 
| 174|0x0000000715c00000, 0x0000000715e00000, 0x0000000715e00000|100%| O|  |TAMS 0x0000000715e00000, 0x0000000715c00000| Untracked 
| 175|0x0000000715e00000, 0x0000000716000000, 0x0000000716000000|100%| O|  |TAMS 0x0000000716000000, 0x0000000715e00000| Untracked 
| 176|0x0000000716000000, 0x0000000716200000, 0x0000000716200000|100%| O|  |TAMS 0x0000000716200000, 0x0000000716000000| Untracked 
| 177|0x0000000716200000, 0x0000000716400000, 0x0000000716400000|100%| O|  |TAMS 0x0000000716400000, 0x0000000716200000| Complete 
| 178|0x0000000716400000, 0x0000000716400000, 0x0000000716600000|  0%| F|  |TAMS 0x0000000716400000, 0x0000000716400000| Untracked 
| 179|0x0000000716600000, 0x0000000716800000, 0x0000000716800000|100%| O|  |TAMS 0x0000000716800000, 0x0000000716600000| Untracked 
| 180|0x0000000716800000, 0x0000000716a00000, 0x0000000716a00000|100%| O|  |TAMS 0x0000000716a00000, 0x0000000716800000| Untracked 
| 181|0x0000000716a00000, 0x0000000716c00000, 0x0000000716c00000|100%| O|  |TAMS 0x0000000716c00000, 0x0000000716a00000| Untracked 
| 182|0x0000000716c00000, 0x0000000716e00000, 0x0000000716e00000|100%| O|  |TAMS 0x0000000716e00000, 0x0000000716c00000| Untracked 
| 183|0x0000000716e00000, 0x0000000717000000, 0x0000000717000000|100%| O|  |TAMS 0x0000000717000000, 0x0000000716e00000| Untracked 
| 184|0x0000000717000000, 0x0000000717200000, 0x0000000717200000|100%| O|  |TAMS 0x0000000717200000, 0x0000000717000000| Untracked 
| 185|0x0000000717200000, 0x0000000717400000, 0x0000000717400000|100%| O|  |TAMS 0x0000000717400000, 0x0000000717200000| Untracked 
| 186|0x0000000717400000, 0x0000000717600000, 0x0000000717600000|100%| O|  |TAMS 0x0000000717600000, 0x0000000717400000| Untracked 
| 187|0x0000000717600000, 0x0000000717800000, 0x0000000717800000|100%| O|  |TAMS 0x0000000717800000, 0x0000000717600000| Complete 
| 188|0x0000000717800000, 0x0000000717a00000, 0x0000000717a00000|100%| O|  |TAMS 0x0000000717a00000, 0x0000000717800000| Complete 
| 189|0x0000000717a00000, 0x0000000717c00000, 0x0000000717c00000|100%| O|  |TAMS 0x0000000717c00000, 0x0000000717a00000| Untracked 
| 190|0x0000000717c00000, 0x0000000717e00000, 0x0000000717e00000|100%| O|  |TAMS 0x0000000717e00000, 0x0000000717c00000| Untracked 
| 191|0x0000000717e00000, 0x0000000718000000, 0x0000000718000000|100%| O|  |TAMS 0x0000000718000000, 0x0000000717e00000| Untracked 
| 192|0x0000000718000000, 0x0000000718200000, 0x0000000718200000|100%| O|  |TAMS 0x0000000718200000, 0x0000000718000000| Complete 
| 193|0x0000000718200000, 0x0000000718400000, 0x0000000718400000|100%| O|  |TAMS 0x0000000718400000, 0x0000000718200000| Complete 
| 194|0x0000000718400000, 0x0000000718600000, 0x0000000718600000|100%| O|  |TAMS 0x0000000718600000, 0x0000000718400000| Untracked 
| 195|0x0000000718600000, 0x0000000718800000, 0x0000000718800000|100%| O|  |TAMS 0x0000000718800000, 0x0000000718600000| Untracked 
| 196|0x0000000718800000, 0x0000000718a00000, 0x0000000718a00000|100%| O|  |TAMS 0x0000000718a00000, 0x0000000718800000| Untracked 
| 197|0x0000000718a00000, 0x0000000718c00000, 0x0000000718c00000|100%| O|  |TAMS 0x0000000718c00000, 0x0000000718a00000| Untracked 
| 198|0x0000000718c00000, 0x0000000718e00000, 0x0000000718e00000|100%| O|  |TAMS 0x0000000718e00000, 0x0000000718c00000| Untracked 
| 199|0x0000000718e00000, 0x0000000719000000, 0x0000000719000000|100%| O|  |TAMS 0x0000000719000000, 0x0000000718e00000| Untracked 
| 200|0x0000000719000000, 0x0000000719200000, 0x0000000719200000|100%| O|  |TAMS 0x0000000719200000, 0x0000000719000000| Untracked 
| 201|0x0000000719200000, 0x0000000719400000, 0x0000000719400000|100%| O|  |TAMS 0x0000000719400000, 0x0000000719200000| Untracked 
| 202|0x0000000719400000, 0x0000000719600000, 0x0000000719600000|100%| O|  |TAMS 0x0000000719600000, 0x0000000719400000| Untracked 
| 203|0x0000000719600000, 0x0000000719800000, 0x0000000719800000|100%| O|  |TAMS 0x0000000719800000, 0x0000000719600000| Complete 
| 204|0x0000000719800000, 0x0000000719a00000, 0x0000000719a00000|100%| O|  |TAMS 0x0000000719a00000, 0x0000000719800000| Untracked 
| 205|0x0000000719a00000, 0x0000000719a00000, 0x0000000719c00000|  0%| F|  |TAMS 0x0000000719a00000, 0x0000000719a00000| Untracked 
| 206|0x0000000719c00000, 0x0000000719c00000, 0x0000000719e00000|  0%| F|  |TAMS 0x0000000719c00000, 0x0000000719c00000| Untracked 
| 207|0x0000000719e00000, 0x0000000719e00000, 0x000000071a000000|  0%| F|  |TAMS 0x0000000719e00000, 0x0000000719e00000| Untracked 
| 208|0x000000071a000000, 0x000000071a000000, 0x000000071a200000|  0%| F|  |TAMS 0x000000071a000000, 0x000000071a000000| Untracked 
| 209|0x000000071a200000, 0x000000071a200000, 0x000000071a400000|  0%| F|  |TAMS 0x000000071a200000, 0x000000071a200000| Untracked 
| 210|0x000000071a400000, 0x000000071a400000, 0x000000071a600000|  0%| F|  |TAMS 0x000000071a400000, 0x000000071a400000| Untracked 
| 211|0x000000071a600000, 0x000000071a800000, 0x000000071a800000|100%| S|CS|TAMS 0x000000071a600000, 0x000000071a600000| Complete 
| 212|0x000000071a800000, 0x000000071aa00000, 0x000000071aa00000|100%| S|CS|TAMS 0x000000071a800000, 0x000000071a800000| Complete 
| 213|0x000000071aa00000, 0x000000071ac00000, 0x000000071ac00000|100%| S|CS|TAMS 0x000000071aa00000, 0x000000071aa00000| Complete 
| 214|0x000000071ac00000, 0x000000071ae00000, 0x000000071ae00000|100%| S|CS|TAMS 0x000000071ac00000, 0x000000071ac00000| Complete 
| 215|0x000000071ae00000, 0x000000071b000000, 0x000000071b000000|100%| S|CS|TAMS 0x000000071ae00000, 0x000000071ae00000| Complete 
| 216|0x000000071b000000, 0x000000071b200000, 0x000000071b200000|100%| S|CS|TAMS 0x000000071b000000, 0x000000071b000000| Complete 
| 217|0x000000071b200000, 0x000000071b400000, 0x000000071b400000|100%| S|CS|TAMS 0x000000071b200000, 0x000000071b200000| Complete 
| 218|0x000000071b400000, 0x000000071b600000, 0x000000071b600000|100%| S|CS|TAMS 0x000000071b400000, 0x000000071b400000| Complete 
| 219|0x000000071b600000, 0x000000071b800000, 0x000000071b800000|100%| S|CS|TAMS 0x000000071b600000, 0x000000071b600000| Complete 
| 220|0x000000071b800000, 0x000000071ba00000, 0x000000071ba00000|100%| S|CS|TAMS 0x000000071b800000, 0x000000071b800000| Complete 
| 221|0x000000071ba00000, 0x000000071bc00000, 0x000000071bc00000|100%| S|CS|TAMS 0x000000071ba00000, 0x000000071ba00000| Complete 
| 222|0x000000071bc00000, 0x000000071be00000, 0x000000071be00000|100%| S|CS|TAMS 0x000000071bc00000, 0x000000071bc00000| Complete 
| 223|0x000000071be00000, 0x000000071c000000, 0x000000071c000000|100%| S|CS|TAMS 0x000000071be00000, 0x000000071be00000| Complete 
| 224|0x000000071c000000, 0x000000071c200000, 0x000000071c200000|100%| S|CS|TAMS 0x000000071c000000, 0x000000071c000000| Complete 
| 225|0x000000071c200000, 0x000000071c400000, 0x000000071c400000|100%| S|CS|TAMS 0x000000071c200000, 0x000000071c200000| Complete 
| 226|0x000000071c400000, 0x000000071c400000, 0x000000071c600000|  0%| F|  |TAMS 0x000000071c400000, 0x000000071c400000| Untracked 
| 227|0x000000071c600000, 0x000000071c600000, 0x000000071c800000|  0%| F|  |TAMS 0x000000071c600000, 0x000000071c600000| Untracked 
| 228|0x000000071c800000, 0x000000071c800000, 0x000000071ca00000|  0%| F|  |TAMS 0x000000071c800000, 0x000000071c800000| Untracked 
| 229|0x000000071ca00000, 0x000000071ca00000, 0x000000071cc00000|  0%| F|  |TAMS 0x000000071ca00000, 0x000000071ca00000| Untracked 
| 230|0x000000071cc00000, 0x000000071cc00000, 0x000000071ce00000|  0%| F|  |TAMS 0x000000071cc00000, 0x000000071cc00000| Untracked 
| 231|0x000000071ce00000, 0x000000071ce00000, 0x000000071d000000|  0%| F|  |TAMS 0x000000071ce00000, 0x000000071ce00000| Untracked 
| 232|0x000000071d000000, 0x000000071d000000, 0x000000071d200000|  0%| F|  |TAMS 0x000000071d000000, 0x000000071d000000| Untracked 
| 233|0x000000071d200000, 0x000000071d200000, 0x000000071d400000|  0%| F|  |TAMS 0x000000071d200000, 0x000000071d200000| Untracked 
| 234|0x000000071d400000, 0x000000071d400000, 0x000000071d600000|  0%| F|  |TAMS 0x000000071d400000, 0x000000071d400000| Untracked 
| 235|0x000000071d600000, 0x000000071d600000, 0x000000071d800000|  0%| F|  |TAMS 0x000000071d600000, 0x000000071d600000| Untracked 
| 236|0x000000071d800000, 0x000000071d800000, 0x000000071da00000|  0%| F|  |TAMS 0x000000071d800000, 0x000000071d800000| Untracked 
| 237|0x000000071da00000, 0x000000071da00000, 0x000000071dc00000|  0%| F|  |TAMS 0x000000071da00000, 0x000000071da00000| Untracked 
| 238|0x000000071dc00000, 0x000000071dc00000, 0x000000071de00000|  0%| F|  |TAMS 0x000000071dc00000, 0x000000071dc00000| Untracked 
| 239|0x000000071de00000, 0x000000071de00000, 0x000000071e000000|  0%| F|  |TAMS 0x000000071de00000, 0x000000071de00000| Untracked 
| 240|0x000000071e000000, 0x000000071e000000, 0x000000071e200000|  0%| F|  |TAMS 0x000000071e000000, 0x000000071e000000| Untracked 
| 241|0x000000071e200000, 0x000000071e200000, 0x000000071e400000|  0%| F|  |TAMS 0x000000071e200000, 0x000000071e200000| Untracked 
| 242|0x000000071e400000, 0x000000071e400000, 0x000000071e600000|  0%| F|  |TAMS 0x000000071e400000, 0x000000071e400000| Untracked 
| 243|0x000000071e600000, 0x000000071e600000, 0x000000071e800000|  0%| F|  |TAMS 0x000000071e600000, 0x000000071e600000| Untracked 
| 244|0x000000071e800000, 0x000000071e800000, 0x000000071ea00000|  0%| F|  |TAMS 0x000000071e800000, 0x000000071e800000| Untracked 
| 245|0x000000071ea00000, 0x000000071ea00000, 0x000000071ec00000|  0%| F|  |TAMS 0x000000071ea00000, 0x000000071ea00000| Untracked 
| 246|0x000000071ec00000, 0x000000071ec00000, 0x000000071ee00000|  0%| F|  |TAMS 0x000000071ec00000, 0x000000071ec00000| Untracked 
| 247|0x000000071ee00000, 0x000000071ee00000, 0x000000071f000000|  0%| F|  |TAMS 0x000000071ee00000, 0x000000071ee00000| Untracked 
| 248|0x000000071f000000, 0x000000071f000000, 0x000000071f200000|  0%| F|  |TAMS 0x000000071f000000, 0x000000071f000000| Untracked 
| 249|0x000000071f200000, 0x000000071f200000, 0x000000071f400000|  0%| F|  |TAMS 0x000000071f200000, 0x000000071f200000| Untracked 
| 250|0x000000071f400000, 0x000000071f400000, 0x000000071f600000|  0%| F|  |TAMS 0x000000071f400000, 0x000000071f400000| Untracked 
| 251|0x000000071f600000, 0x000000071f600000, 0x000000071f800000|  0%| F|  |TAMS 0x000000071f600000, 0x000000071f600000| Untracked 
| 252|0x000000071f800000, 0x000000071f800000, 0x000000071fa00000|  0%| F|  |TAMS 0x000000071f800000, 0x000000071f800000| Untracked 
| 253|0x000000071fa00000, 0x000000071fa00000, 0x000000071fc00000|  0%| F|  |TAMS 0x000000071fa00000, 0x000000071fa00000| Untracked 
| 254|0x000000071fc00000, 0x000000071fc00000, 0x000000071fe00000|  0%| F|  |TAMS 0x000000071fc00000, 0x000000071fc00000| Untracked 
| 255|0x000000071fe00000, 0x000000071fe00000, 0x0000000720000000|  0%| F|  |TAMS 0x000000071fe00000, 0x000000071fe00000| Untracked 
| 256|0x0000000720000000, 0x0000000720000000, 0x0000000720200000|  0%| F|  |TAMS 0x0000000720000000, 0x0000000720000000| Untracked 
| 257|0x0000000720200000, 0x0000000720200000, 0x0000000720400000|  0%| F|  |TAMS 0x0000000720200000, 0x0000000720200000| Untracked 
| 258|0x0000000720400000, 0x0000000720400000, 0x0000000720600000|  0%| F|  |TAMS 0x0000000720400000, 0x0000000720400000| Untracked 
| 259|0x0000000720600000, 0x0000000720600000, 0x0000000720800000|  0%| F|  |TAMS 0x0000000720600000, 0x0000000720600000| Untracked 
| 260|0x0000000720800000, 0x0000000720800000, 0x0000000720a00000|  0%| F|  |TAMS 0x0000000720800000, 0x0000000720800000| Untracked 
| 261|0x0000000720a00000, 0x0000000720a00000, 0x0000000720c00000|  0%| F|  |TAMS 0x0000000720a00000, 0x0000000720a00000| Untracked 
| 262|0x0000000720c00000, 0x0000000720c00000, 0x0000000720e00000|  0%| F|  |TAMS 0x0000000720c00000, 0x0000000720c00000| Untracked 
| 263|0x0000000720e00000, 0x0000000720e00000, 0x0000000721000000|  0%| F|  |TAMS 0x0000000720e00000, 0x0000000720e00000| Untracked 
| 264|0x0000000721000000, 0x0000000721000000, 0x0000000721200000|  0%| F|  |TAMS 0x0000000721000000, 0x0000000721000000| Untracked 
| 265|0x0000000721200000, 0x0000000721200000, 0x0000000721400000|  0%| F|  |TAMS 0x0000000721200000, 0x0000000721200000| Untracked 
| 266|0x0000000721400000, 0x0000000721400000, 0x0000000721600000|  0%| F|  |TAMS 0x0000000721400000, 0x0000000721400000| Untracked 
| 267|0x0000000721600000, 0x0000000721600000, 0x0000000721800000|  0%| F|  |TAMS 0x0000000721600000, 0x0000000721600000| Untracked 
| 268|0x0000000721800000, 0x0000000721800000, 0x0000000721a00000|  0%| F|  |TAMS 0x0000000721800000, 0x0000000721800000| Untracked 
| 269|0x0000000721a00000, 0x0000000721a00000, 0x0000000721c00000|  0%| F|  |TAMS 0x0000000721a00000, 0x0000000721a00000| Untracked 
| 270|0x0000000721c00000, 0x0000000721c00000, 0x0000000721e00000|  0%| F|  |TAMS 0x0000000721c00000, 0x0000000721c00000| Untracked 
| 271|0x0000000721e00000, 0x0000000721e00000, 0x0000000722000000|  0%| F|  |TAMS 0x0000000721e00000, 0x0000000721e00000| Untracked 
| 272|0x0000000722000000, 0x0000000722000000, 0x0000000722200000|  0%| F|  |TAMS 0x0000000722000000, 0x0000000722000000| Untracked 
| 273|0x0000000722200000, 0x0000000722200000, 0x0000000722400000|  0%| F|  |TAMS 0x0000000722200000, 0x0000000722200000| Untracked 
| 274|0x0000000722400000, 0x0000000722400000, 0x0000000722600000|  0%| F|  |TAMS 0x0000000722400000, 0x0000000722400000| Untracked 
| 275|0x0000000722600000, 0x0000000722600000, 0x0000000722800000|  0%| F|  |TAMS 0x0000000722600000, 0x0000000722600000| Untracked 
| 276|0x0000000722800000, 0x0000000722800000, 0x0000000722a00000|  0%| F|  |TAMS 0x0000000722800000, 0x0000000722800000| Untracked 
| 277|0x0000000722a00000, 0x0000000722a00000, 0x0000000722c00000|  0%| F|  |TAMS 0x0000000722a00000, 0x0000000722a00000| Untracked 
| 278|0x0000000722c00000, 0x0000000722c00000, 0x0000000722e00000|  0%| F|  |TAMS 0x0000000722c00000, 0x0000000722c00000| Untracked 
| 279|0x0000000722e00000, 0x0000000722e00000, 0x0000000723000000|  0%| F|  |TAMS 0x0000000722e00000, 0x0000000722e00000| Untracked 
| 280|0x0000000723000000, 0x0000000723000000, 0x0000000723200000|  0%| F|  |TAMS 0x0000000723000000, 0x0000000723000000| Untracked 
| 281|0x0000000723200000, 0x0000000723200000, 0x0000000723400000|  0%| F|  |TAMS 0x0000000723200000, 0x0000000723200000| Untracked 
| 282|0x0000000723400000, 0x0000000723400000, 0x0000000723600000|  0%| F|  |TAMS 0x0000000723400000, 0x0000000723400000| Untracked 
| 283|0x0000000723600000, 0x0000000723600000, 0x0000000723800000|  0%| F|  |TAMS 0x0000000723600000, 0x0000000723600000| Untracked 
| 284|0x0000000723800000, 0x0000000723800000, 0x0000000723a00000|  0%| F|  |TAMS 0x0000000723800000, 0x0000000723800000| Untracked 
| 285|0x0000000723a00000, 0x0000000723a00000, 0x0000000723c00000|  0%| F|  |TAMS 0x0000000723a00000, 0x0000000723a00000| Untracked 
| 286|0x0000000723c00000, 0x0000000723c00000, 0x0000000723e00000|  0%| F|  |TAMS 0x0000000723c00000, 0x0000000723c00000| Untracked 
| 287|0x0000000723e00000, 0x0000000723e00000, 0x0000000724000000|  0%| F|  |TAMS 0x0000000723e00000, 0x0000000723e00000| Untracked 
| 288|0x0000000724000000, 0x0000000724000000, 0x0000000724200000|  0%| F|  |TAMS 0x0000000724000000, 0x0000000724000000| Untracked 
| 289|0x0000000724200000, 0x0000000724200000, 0x0000000724400000|  0%| F|  |TAMS 0x0000000724200000, 0x0000000724200000| Untracked 
| 290|0x0000000724400000, 0x0000000724400000, 0x0000000724600000|  0%| F|  |TAMS 0x0000000724400000, 0x0000000724400000| Untracked 
| 291|0x0000000724600000, 0x0000000724600000, 0x0000000724800000|  0%| F|  |TAMS 0x0000000724600000, 0x0000000724600000| Untracked 
| 292|0x0000000724800000, 0x0000000724800000, 0x0000000724a00000|  0%| F|  |TAMS 0x0000000724800000, 0x0000000724800000| Untracked 
| 293|0x0000000724a00000, 0x0000000724a00000, 0x0000000724c00000|  0%| F|  |TAMS 0x0000000724a00000, 0x0000000724a00000| Untracked 
| 294|0x0000000724c00000, 0x0000000724c00000, 0x0000000724e00000|  0%| F|  |TAMS 0x0000000724c00000, 0x0000000724c00000| Untracked 
| 295|0x0000000724e00000, 0x0000000724e00000, 0x0000000725000000|  0%| F|  |TAMS 0x0000000724e00000, 0x0000000724e00000| Untracked 
| 296|0x0000000725000000, 0x0000000725000000, 0x0000000725200000|  0%| F|  |TAMS 0x0000000725000000, 0x0000000725000000| Untracked 
| 297|0x0000000725200000, 0x0000000725200000, 0x0000000725400000|  0%| F|  |TAMS 0x0000000725200000, 0x0000000725200000| Untracked 
| 298|0x0000000725400000, 0x0000000725600000, 0x0000000725600000|100%| E|  |TAMS 0x0000000725400000, 0x0000000725400000| Complete 
| 299|0x0000000725600000, 0x0000000725800000, 0x0000000725800000|100%| E|CS|TAMS 0x0000000725600000, 0x0000000725600000| Complete 
| 300|0x0000000725800000, 0x0000000725a00000, 0x0000000725a00000|100%| E|CS|TAMS 0x0000000725800000, 0x0000000725800000| Complete 
| 301|0x0000000725a00000, 0x0000000725c00000, 0x0000000725c00000|100%| E|CS|TAMS 0x0000000725a00000, 0x0000000725a00000| Complete 
| 302|0x0000000725c00000, 0x0000000725e00000, 0x0000000725e00000|100%| E|CS|TAMS 0x0000000725c00000, 0x0000000725c00000| Complete 
| 303|0x0000000725e00000, 0x0000000726000000, 0x0000000726000000|100%| E|CS|TAMS 0x0000000725e00000, 0x0000000725e00000| Complete 
| 304|0x0000000726000000, 0x0000000726200000, 0x0000000726200000|100%| E|CS|TAMS 0x0000000726000000, 0x0000000726000000| Complete 
| 305|0x0000000726200000, 0x0000000726400000, 0x0000000726400000|100%| E|CS|TAMS 0x0000000726200000, 0x0000000726200000| Complete 
| 306|0x0000000726400000, 0x0000000726600000, 0x0000000726600000|100%| E|CS|TAMS 0x0000000726400000, 0x0000000726400000| Complete 
| 307|0x0000000726600000, 0x0000000726800000, 0x0000000726800000|100%| E|CS|TAMS 0x0000000726600000, 0x0000000726600000| Complete 
| 308|0x0000000726800000, 0x0000000726a00000, 0x0000000726a00000|100%| E|CS|TAMS 0x0000000726800000, 0x0000000726800000| Complete 
| 309|0x0000000726a00000, 0x0000000726c00000, 0x0000000726c00000|100%| E|CS|TAMS 0x0000000726a00000, 0x0000000726a00000| Complete 
| 310|0x0000000726c00000, 0x0000000726e00000, 0x0000000726e00000|100%| E|CS|TAMS 0x0000000726c00000, 0x0000000726c00000| Complete 
| 311|0x0000000726e00000, 0x0000000727000000, 0x0000000727000000|100%| E|CS|TAMS 0x0000000726e00000, 0x0000000726e00000| Complete 
| 312|0x0000000727000000, 0x0000000727200000, 0x0000000727200000|100%| E|CS|TAMS 0x0000000727000000, 0x0000000727000000| Complete 
| 313|0x0000000727200000, 0x0000000727400000, 0x0000000727400000|100%| E|CS|TAMS 0x0000000727200000, 0x0000000727200000| Complete 
| 314|0x0000000727400000, 0x0000000727600000, 0x0000000727600000|100%| E|CS|TAMS 0x0000000727400000, 0x0000000727400000| Complete 
| 315|0x0000000727600000, 0x0000000727800000, 0x0000000727800000|100%| E|CS|TAMS 0x0000000727600000, 0x0000000727600000| Complete 
| 316|0x0000000727800000, 0x0000000727a00000, 0x0000000727a00000|100%| E|CS|TAMS 0x0000000727800000, 0x0000000727800000| Complete 
| 317|0x0000000727a00000, 0x0000000727c00000, 0x0000000727c00000|100%| E|CS|TAMS 0x0000000727a00000, 0x0000000727a00000| Complete 
| 318|0x0000000727c00000, 0x0000000727e00000, 0x0000000727e00000|100%| E|CS|TAMS 0x0000000727c00000, 0x0000000727c00000| Complete 
| 319|0x0000000727e00000, 0x0000000728000000, 0x0000000728000000|100%| E|CS|TAMS 0x0000000727e00000, 0x0000000727e00000| Complete 
| 320|0x0000000728000000, 0x0000000728200000, 0x0000000728200000|100%| E|CS|TAMS 0x0000000728000000, 0x0000000728000000| Complete 
| 321|0x0000000728200000, 0x0000000728400000, 0x0000000728400000|100%| E|CS|TAMS 0x0000000728200000, 0x0000000728200000| Complete 
| 322|0x0000000728400000, 0x0000000728600000, 0x0000000728600000|100%| E|CS|TAMS 0x0000000728400000, 0x0000000728400000| Complete 
| 323|0x0000000728600000, 0x0000000728800000, 0x0000000728800000|100%| E|CS|TAMS 0x0000000728600000, 0x0000000728600000| Complete 
| 324|0x0000000728800000, 0x0000000728a00000, 0x0000000728a00000|100%| E|CS|TAMS 0x0000000728800000, 0x0000000728800000| Complete 
| 325|0x0000000728a00000, 0x0000000728c00000, 0x0000000728c00000|100%| E|CS|TAMS 0x0000000728a00000, 0x0000000728a00000| Complete 
| 326|0x0000000728c00000, 0x0000000728e00000, 0x0000000728e00000|100%| E|CS|TAMS 0x0000000728c00000, 0x0000000728c00000| Complete 
| 327|0x0000000728e00000, 0x0000000729000000, 0x0000000729000000|100%| E|CS|TAMS 0x0000000728e00000, 0x0000000728e00000| Complete 
| 328|0x0000000729000000, 0x0000000729200000, 0x0000000729200000|100%| E|CS|TAMS 0x0000000729000000, 0x0000000729000000| Complete 
| 329|0x0000000729200000, 0x0000000729400000, 0x0000000729400000|100%| E|CS|TAMS 0x0000000729200000, 0x0000000729200000| Complete 
| 330|0x0000000729400000, 0x0000000729600000, 0x0000000729600000|100%| E|CS|TAMS 0x0000000729400000, 0x0000000729400000| Complete 
| 331|0x0000000729600000, 0x0000000729800000, 0x0000000729800000|100%| E|CS|TAMS 0x0000000729600000, 0x0000000729600000| Complete 
| 332|0x0000000729800000, 0x0000000729a00000, 0x0000000729a00000|100%| E|CS|TAMS 0x0000000729800000, 0x0000000729800000| Complete 
| 333|0x0000000729a00000, 0x0000000729c00000, 0x0000000729c00000|100%| E|CS|TAMS 0x0000000729a00000, 0x0000000729a00000| Complete 
| 334|0x0000000729c00000, 0x0000000729e00000, 0x0000000729e00000|100%| E|CS|TAMS 0x0000000729c00000, 0x0000000729c00000| Complete 
| 335|0x0000000729e00000, 0x000000072a000000, 0x000000072a000000|100%| E|CS|TAMS 0x0000000729e00000, 0x0000000729e00000| Complete 
| 336|0x000000072a000000, 0x000000072a200000, 0x000000072a200000|100%| E|CS|TAMS 0x000000072a000000, 0x000000072a000000| Complete 
| 337|0x000000072a200000, 0x000000072a400000, 0x000000072a400000|100%| E|CS|TAMS 0x000000072a200000, 0x000000072a200000| Complete 
| 338|0x000000072a400000, 0x000000072a600000, 0x000000072a600000|100%| E|CS|TAMS 0x000000072a400000, 0x000000072a400000| Complete 
| 339|0x000000072a600000, 0x000000072a800000, 0x000000072a800000|100%| E|CS|TAMS 0x000000072a600000, 0x000000072a600000| Complete 
| 340|0x000000072a800000, 0x000000072aa00000, 0x000000072aa00000|100%| E|CS|TAMS 0x000000072a800000, 0x000000072a800000| Complete 
| 341|0x000000072aa00000, 0x000000072ac00000, 0x000000072ac00000|100%| E|CS|TAMS 0x000000072aa00000, 0x000000072aa00000| Complete 

Card table byte_map: [0x00000266daf80000,0x00000266db780000] _byte_map_base: 0x00000266d7780000

Marking Bits (Prev, Next): (CMBitMap*) 0x00000266c1ab8950, (CMBitMap*) 0x00000266c1ab8910
 Prev Bits: [0x00000266dff80000, 0x00000266e3f80000)
 Next Bits: [0x00000266dbf80000, 0x00000266dff80000)

Polling page: 0x00000266c17b0000

Metaspace:

Usage:
  Non-class:    108.72 MB used.
      Class:     17.17 MB used.
       Both:    125.89 MB used.

Virtual space:
  Non-class space:      128.00 MB reserved,     110.19 MB ( 86%) committed,  2 nodes.
      Class space:        1.00 GB reserved,      18.31 MB (  2%) committed,  1 nodes.
             Both:        1.12 GB reserved,     128.50 MB ( 11%) committed. 

Chunk freelists:
   Non-Class:  1.98 MB
       Class:  13.71 MB
        Both:  15.69 MB

MaxMetaspaceSize: unlimited
CompressedClassSpaceSize: 1.00 GB
Initial GC threshold: 21.00 MB
Current GC threshold: 214.19 MB
CDS: on
MetaspaceReclaimPolicy: balanced
 - commit_granule_bytes: 65536.
 - commit_granule_words: 8192.
 - virtual_space_node_default_size: 8388608.
 - enlarge_chunks_in_place: 1.
 - new_chunks_are_fully_committed: 0.
 - uncommit_free_chunks: 1.
 - use_allocation_guard: 0.
 - handle_deallocations: 1.


Internal statistics:

num_allocs_failed_limit: 26.
num_arena_births: 3456.
num_arena_deaths: 308.
num_vsnodes_births: 3.
num_vsnodes_deaths: 0.
num_space_committed: 2055.
num_space_uncommitted: 0.
num_chunks_returned_to_freelist: 388.
num_chunks_taken_from_freelist: 10039.
num_chunk_merges: 126.
num_chunk_splits: 5948.
num_chunks_enlarged: 3060.
num_inconsistent_stats: 0.

CodeHeap 'non-profiled nmethods': size=120000Kb used=19707Kb max_used=19707Kb free=100292Kb
 bounds [0x00000266d25d0000, 0x00000266d3910000, 0x00000266d9b00000]
CodeHeap 'profiled nmethods': size=120000Kb used=40943Kb max_used=41424Kb free=79056Kb
 bounds [0x00000266cab00000, 0x00000266cd3d0000, 0x00000266d2030000]
CodeHeap 'non-nmethods': size=5760Kb used=2491Kb max_used=2563Kb free=3268Kb
 bounds [0x00000266d2030000, 0x00000266d22c0000, 0x00000266d25d0000]
 total_blobs=22391 nmethods=21351 adapters=950
 compilation: enabled
              stopped_count=0, restarted_count=0
 full_count=0

Compilation events (20 events):
Event: 8610.102 Thread 0x00000266e6c76d40 26665       3       java.lang.Class::getInterfaces (49 bytes)
Event: 8610.103 Thread 0x00000266e6c76d40 nmethod 26665 0x00000266cc182b10 code [0x00000266cc182d00, 0x00000266cc183218]
Event: 8610.105 Thread 0x00000266e6c76d40 26666       3       com.android.build.api.component.impl.DeviceTestImpl_Decorated::getAndroidResourcesCreationConfig (40 bytes)
Event: 8610.106 Thread 0x00000266e6c76d40 nmethod 26666 0x00000266cbda4290 code [0x00000266cbda44a0, 0x00000266cbda4c98]
Event: 8610.106 Thread 0x00000266e6c76d40 26667       3       com.android.build.api.component.impl.DeviceTestImpl::getAndroidResourcesCreationConfig (15 bytes)
Event: 8610.106 Thread 0x00000266e6c76d40 nmethod 26667 0x00000266cbb57390 code [0x00000266cbb57540, 0x00000266cbb57828]
Event: 8610.108 Thread 0x00000266e6c76d40 26668       3       org.jetbrains.kotlin.gradle.plugin.AndroidProjectHandlerKt::getVariantName (19 bytes)
Event: 8610.109 Thread 0x00000266e6c76d40 nmethod 26668 0x00000266cc16b910 code [0x00000266cc16bb40, 0x00000266cc16c1d8]
Event: 8610.110 Thread 0x00000266e6c76d40 26669       3       org.jetbrains.kotlin.gradle.plugin.sources.android.KotlinAndroidSourceSetInfoKt::findKotlinSourceSet (106 bytes)
Event: 8610.111 Thread 0x00000266e6c76d40 nmethod 26669 0x00000266cbce5f90 code [0x00000266cbce6200, 0x00000266cbce6f58]
Event: 8610.117 Thread 0x00000266e6c76d40 26670       1       org.jetbrains.kotlin.gradle.plugin.mpp.DefaultKotlinUsageContext::getPublishOnlyIf$kotlin_gradle_plugin_common (5 bytes)
Event: 8610.118 Thread 0x00000266e6c76d40 nmethod 26670 0x00000266d390e890 code [0x00000266d390ea20, 0x00000266d390eaf8]
Event: 8610.125 Thread 0x00000266e6c76d40 26671       3       org.jetbrains.kotlin.gradle.plugin.mpp.DefaultKotlinUsageContext::getProject (10 bytes)
Event: 8610.125 Thread 0x00000266e6c76d40 nmethod 26671 0x00000266cbb86910 code [0x00000266cbb86ac0, 0x00000266cbb86de8]
Event: 8610.125 Thread 0x00000266e6c76d40 26672       3       org.jetbrains.kotlin.gradle.plugin.mpp.DefaultKotlinUsageContext::getKotlinTarget (10 bytes)
Event: 8610.125 Thread 0x00000266e6c76d40 nmethod 26672 0x00000266cbbb8a90 code [0x00000266cbbb8c40, 0x00000266cbbb8e28]
Event: 8610.152 Thread 0x00000266e6c76d40 26674       3       java.math.MutableBigInteger::copyAndShift (73 bytes)
Event: 8610.152 Thread 0x00000266e6c76d40 nmethod 26674 0x00000266cbdcc110 code [0x00000266cbdcc2c0, 0x00000266cbdcc538]
Event: 8610.170 Thread 0x00000266e6c76d40 26675       3       org.gradle.api.internal.artifacts.configurations.DefaultUnlockedConfiguration_Decorated::isVisible (46 bytes)
Event: 8610.171 Thread 0x00000266e6c76d40 nmethod 26675 0x00000266ccacce10 code [0x00000266ccaccfe0, 0x00000266ccacd458]

GC Heap History (20 events):
Event: 3046.838 GC heap before
{Heap before GC invocations=70 (full 0):
 garbage-first heap   total 591872K, used 497042K [0x0000000700000000, 0x0000000800000000)
  region size 2048K, 90 young (184320K), 2 survivors (4096K)
 Metaspace       used 127130K, committed 129216K, reserved 1179648K
  class space    used 17510K, committed 18432K, reserved 1048576K
}
Event: 3046.939 GC heap after
{Heap after GC invocations=71 (full 0):
 garbage-first heap   total 591872K, used 325839K [0x0000000700000000, 0x0000000800000000)
  region size 2048K, 5 young (10240K), 5 survivors (10240K)
 Metaspace       used 127130K, committed 129216K, reserved 1179648K
  class space    used 17510K, committed 18432K, reserved 1048576K
}
Event: 3051.481 GC heap before
{Heap before GC invocations=72 (full 0):
 garbage-first heap   total 612352K, used 501967K [0x0000000700000000, 0x0000000800000000)
  region size 2048K, 91 young (186368K), 5 survivors (10240K)
 Metaspace       used 127618K, committed 129728K, reserved 1179648K
  class space    used 17534K, committed 18496K, reserved 1048576K
}
Event: 3051.538 GC heap after
{Heap after GC invocations=73 (full 0):
 garbage-first heap   total 612352K, used 356352K [0x0000000700000000, 0x0000000800000000)
  region size 2048K, 12 young (24576K), 12 survivors (24576K)
 Metaspace       used 127618K, committed 129728K, reserved 1179648K
  class space    used 17534K, committed 18496K, reserved 1048576K
}
Event: 3051.620 GC heap before
{Heap before GC invocations=73 (full 0):
 garbage-first heap   total 612352K, used 360448K [0x0000000700000000, 0x0000000800000000)
  region size 2048K, 14 young (28672K), 12 survivors (24576K)
 Metaspace       used 127791K, committed 129984K, reserved 1179648K
  class space    used 17579K, committed 18560K, reserved 1048576K
}
Event: 3051.694 GC heap after
{Heap after GC invocations=74 (full 0):
 garbage-first heap   total 612352K, used 358346K [0x0000000700000000, 0x0000000800000000)
  region size 2048K, 2 young (4096K), 2 survivors (4096K)
 Metaspace       used 127791K, committed 129984K, reserved 1179648K
  class space    used 17579K, committed 18560K, reserved 1048576K
}
Event: 3053.524 GC heap before
{Heap before GC invocations=74 (full 0):
 garbage-first heap   total 612352K, used 505802K [0x0000000700000000, 0x0000000800000000)
  region size 2048K, 74 young (151552K), 2 survivors (4096K)
 Metaspace       used 128147K, committed 130368K, reserved 1179648K
  class space    used 17596K, committed 18624K, reserved 1048576K
}
Event: 3053.545 GC heap after
{Heap after GC invocations=75 (full 0):
 garbage-first heap   total 612352K, used 385024K [0x0000000700000000, 0x0000000800000000)
  region size 2048K, 10 young (20480K), 10 survivors (20480K)
 Metaspace       used 128147K, committed 130368K, reserved 1179648K
  class space    used 17596K, committed 18624K, reserved 1048576K
}
Event: 3054.349 GC heap before
{Heap before GC invocations=75 (full 0):
 garbage-first heap   total 612352K, used 501760K [0x0000000700000000, 0x0000000800000000)
  region size 2048K, 68 young (139264K), 10 survivors (20480K)
 Metaspace       used 128288K, committed 130496K, reserved 1179648K
  class space    used 17599K, committed 18624K, reserved 1048576K
}
Event: 3054.382 GC heap after
{Heap after GC invocations=76 (full 0):
 garbage-first heap   total 612352K, used 397567K [0x0000000700000000, 0x0000000800000000)
  region size 2048K, 6 young (12288K), 6 survivors (12288K)
 Metaspace       used 128288K, committed 130496K, reserved 1179648K
  class space    used 17599K, committed 18624K, reserved 1048576K
}
Event: 3055.388 GC heap before
{Heap before GC invocations=76 (full 0):
 garbage-first heap   total 612352K, used 508159K [0x0000000700000000, 0x0000000800000000)
  region size 2048K, 60 young (122880K), 6 survivors (12288K)
 Metaspace       used 128494K, committed 130752K, reserved 1179648K
  class space    used 17625K, committed 18624K, reserved 1048576K
}
Event: 3055.414 GC heap after
{Heap after GC invocations=77 (full 0):
 garbage-first heap   total 612352K, used 402805K [0x0000000700000000, 0x0000000800000000)
  region size 2048K, 3 young (6144K), 3 survivors (6144K)
 Metaspace       used 128494K, committed 130752K, reserved 1179648K
  class space    used 17625K, committed 18624K, reserved 1048576K
}
Event: 4970.719 GC heap before
{Heap before GC invocations=78 (full 0):
 garbage-first heap   total 700416K, used 513397K [0x0000000700000000, 0x0000000800000000)
  region size 2048K, 58 young (118784K), 3 survivors (6144K)
 Metaspace       used 128709K, committed 131072K, reserved 1179648K
  class space    used 17644K, committed 18688K, reserved 1048576K
}
Event: 4970.826 GC heap after
{Heap after GC invocations=79 (full 0):
 garbage-first heap   total 700416K, used 402923K [0x0000000700000000, 0x0000000800000000)
  region size 2048K, 3 young (6144K), 3 survivors (6144K)
 Metaspace       used 128709K, committed 131072K, reserved 1179648K
  class space    used 17644K, committed 18688K, reserved 1048576K
}
Event: 6282.024 GC heap before
{Heap before GC invocations=79 (full 0):
 garbage-first heap   total 700416K, used 431595K [0x0000000700000000, 0x0000000800000000)
  region size 2048K, 17 young (34816K), 3 survivors (6144K)
 Metaspace       used 128713K, committed 131072K, reserved 1179648K
  class space    used 17644K, committed 18688K, reserved 1048576K
}
Event: 6282.212 GC heap after
{Heap after GC invocations=80 (full 0):
 garbage-first heap   total 700416K, used 349178K [0x0000000700000000, 0x0000000800000000)
  region size 2048K, 1 young (2048K), 1 survivors (2048K)
 Metaspace       used 128713K, committed 131072K, reserved 1179648K
  class space    used 17644K, committed 18688K, reserved 1048576K
}
Event: 7822.016 GC heap before
{Heap before GC invocations=80 (full 0):
 garbage-first heap   total 700416K, used 381946K [0x0000000700000000, 0x0000000800000000)
  region size 2048K, 17 young (34816K), 1 survivors (2048K)
 Metaspace       used 128714K, committed 131072K, reserved 1179648K
  class space    used 17644K, committed 18688K, reserved 1048576K
}
Event: 7822.418 GC heap after
{Heap after GC invocations=81 (full 0):
 garbage-first heap   total 700416K, used 327999K [0x0000000700000000, 0x0000000800000000)
  region size 2048K, 1 young (2048K), 1 survivors (2048K)
 Metaspace       used 128714K, committed 131072K, reserved 1179648K
  class space    used 17644K, committed 18688K, reserved 1048576K
}
Event: 8604.506 GC heap before
{Heap before GC invocations=81 (full 0):
 garbage-first heap   total 700416K, used 561471K [0x0000000700000000, 0x0000000800000000)
  region size 2048K, 116 young (237568K), 1 survivors (2048K)
 Metaspace       used 129144K, committed 131520K, reserved 1179648K
  class space    used 17667K, committed 18752K, reserved 1048576K
}
Event: 8604.707 GC heap after
{Heap after GC invocations=82 (full 0):
 garbage-first heap   total 700416K, used 360448K [0x0000000700000000, 0x0000000800000000)
  region size 2048K, 15 young (30720K), 15 survivors (30720K)
 Metaspace       used 129144K, committed 131520K, reserved 1179648K
  class space    used 17667K, committed 18752K, reserved 1048576K
}

Deoptimization events (20 events):
Event: 8609.228 Thread 0x00000266eeaee310 Uncommon trap: trap_request=0xffffff45 fr.pc=0x00000266d2c0623c relative=0x000000000000011c
Event: 8609.228 Thread 0x00000266eeaee310 Uncommon trap: reason=unstable_if action=reinterpret pc=0x00000266d2c0623c method=java.lang.ref.SoftReference.get()Ljava/lang/Object; @ 6 c2
Event: 8609.228 Thread 0x00000266eeaee310 DEOPT PACKING pc=0x00000266d2c0623c sp=0x00000067ba2f8fd0
Event: 8609.228 Thread 0x00000266eeaee310 DEOPT UNPACKING pc=0x00000266d20823a3 sp=0x00000067ba2f8f20 mode 2
Event: 8609.228 Thread 0x00000266eeaee310 Uncommon trap: trap_request=0xffffff45 fr.pc=0x00000266d2d13200 relative=0x00000000000008c0
Event: 8609.228 Thread 0x00000266eeaee310 Uncommon trap: reason=unstable_if action=reinterpret pc=0x00000266d2d13200 method=java.lang.ref.SoftReference.get()Ljava/lang/Object; @ 6 c2
Event: 8609.228 Thread 0x00000266eeaee310 DEOPT PACKING pc=0x00000266d2d13200 sp=0x00000067ba2f9030
Event: 8609.228 Thread 0x00000266eeaee310 DEOPT UNPACKING pc=0x00000266d20823a3 sp=0x00000067ba2f8f20 mode 2
Event: 8609.855 Thread 0x00000266eeaee310 Uncommon trap: trap_request=0xffffff45 fr.pc=0x00000266d29f8580 relative=0x0000000000000160
Event: 8609.855 Thread 0x00000266eeaee310 Uncommon trap: reason=unstable_if action=reinterpret pc=0x00000266d29f8580 method=java.lang.ClassValue.match(Ljava/lang/ClassValue$Entry;)Z @ 12 c2
Event: 8609.855 Thread 0x00000266eeaee310 DEOPT PACKING pc=0x00000266d29f8580 sp=0x00000067ba2f8690
Event: 8609.856 Thread 0x00000266eeaee310 DEOPT UNPACKING pc=0x00000266d20823a3 sp=0x00000067ba2f85e0 mode 2
Event: 8610.157 Thread 0x00000266eeaee310 Uncommon trap: trap_request=0xffffff45 fr.pc=0x00000266d286200c relative=0x00000000000005cc
Event: 8610.157 Thread 0x00000266eeaee310 Uncommon trap: reason=unstable_if action=reinterpret pc=0x00000266d286200c method=java.lang.ref.SoftReference.get()Ljava/lang/Object; @ 6 c2
Event: 8610.157 Thread 0x00000266eeaee310 DEOPT PACKING pc=0x00000266d286200c sp=0x00000067ba2f8980
Event: 8610.159 Thread 0x00000266eeaee310 DEOPT UNPACKING pc=0x00000266d20823a3 sp=0x00000067ba2f8808 mode 2
Event: 8610.204 Thread 0x00000266eeaee310 Uncommon trap: trap_request=0xffffff45 fr.pc=0x00000266d2b6bb5c relative=0x0000000000005c7c
Event: 8610.204 Thread 0x00000266eeaee310 Uncommon trap: reason=unstable_if action=reinterpret pc=0x00000266d2b6bb5c method=java.lang.ref.SoftReference.get()Ljava/lang/Object; @ 6 c2
Event: 8610.204 Thread 0x00000266eeaee310 DEOPT PACKING pc=0x00000266d2b6bb5c sp=0x00000067ba2f3d70
Event: 8610.205 Thread 0x00000266eeaee310 DEOPT UNPACKING pc=0x00000266d20823a3 sp=0x00000067ba2f3cb8 mode 2

Classes unloaded (20 events):
Event: 8607.483 Thread 0x00000266e6c57b30 Unloading class 0x00000266811e2c00 'java/lang/invoke/LambdaForm$MH+0x00000266811e2c00'
Event: 8607.483 Thread 0x00000266e6c57b30 Unloading class 0x00000266811e2800 'java/lang/invoke/LambdaForm$MH+0x00000266811e2800'
Event: 8607.483 Thread 0x00000266e6c57b30 Unloading class 0x00000266811e2400 'java/lang/invoke/LambdaForm$MH+0x00000266811e2400'
Event: 8607.483 Thread 0x00000266e6c57b30 Unloading class 0x00000266811e2000 'java/lang/invoke/LambdaForm$MH+0x00000266811e2000'
Event: 8607.483 Thread 0x00000266e6c57b30 Unloading class 0x00000266811e1c00 'java/lang/invoke/LambdaForm$MH+0x00000266811e1c00'
Event: 8607.483 Thread 0x00000266e6c57b30 Unloading class 0x00000266811e1800 'java/lang/invoke/LambdaForm$MH+0x00000266811e1800'
Event: 8607.483 Thread 0x00000266e6c57b30 Unloading class 0x00000266811e0800 'java/lang/invoke/LambdaForm$MH+0x00000266811e0800'
Event: 8607.483 Thread 0x00000266e6c57b30 Unloading class 0x00000266811e0400 'java/lang/invoke/LambdaForm$BMH+0x00000266811e0400'
Event: 8607.484 Thread 0x00000266e6c57b30 Unloading class 0x000002668110c800 'java/lang/invoke/LambdaForm$DMH+0x000002668110c800'
Event: 8607.484 Thread 0x00000266e6c57b30 Unloading class 0x000002668110c000 'java/lang/invoke/LambdaForm$DMH+0x000002668110c000'
Event: 8607.484 Thread 0x00000266e6c57b30 Unloading class 0x00000266810e0800 'java/lang/invoke/LambdaForm$MH+0x00000266810e0800'
Event: 8607.484 Thread 0x00000266e6c57b30 Unloading class 0x00000266810e0000 'java/lang/invoke/LambdaForm$MH+0x00000266810e0000'
Event: 8607.484 Thread 0x00000266e6c57b30 Unloading class 0x00000266810d9c00 'java/lang/invoke/LambdaForm$MH+0x00000266810d9c00'
Event: 8607.484 Thread 0x00000266e6c57b30 Unloading class 0x00000266810d9800 'java/lang/invoke/LambdaForm$MH+0x00000266810d9800'
Event: 8607.484 Thread 0x00000266e6c57b30 Unloading class 0x00000266810d9400 'java/lang/invoke/LambdaForm$MH+0x00000266810d9400'
Event: 8607.485 Thread 0x00000266e6c57b30 Unloading class 0x00000266810d8c00 'java/lang/invoke/LambdaForm$MH+0x00000266810d8c00'
Event: 8607.485 Thread 0x00000266e6c57b30 Unloading class 0x000002668103c400 'java/lang/invoke/LambdaForm$DMH+0x000002668103c400'
Event: 8607.485 Thread 0x00000266e6c57b30 Unloading class 0x0000026681036800 'java/lang/invoke/LambdaForm$MH+0x0000026681036800'
Event: 8607.485 Thread 0x00000266e6c57b30 Unloading class 0x0000026681036400 'java/lang/invoke/LambdaForm$MH+0x0000026681036400'
Event: 8607.485 Thread 0x00000266e6c57b30 Unloading class 0x0000026681034000 'java/lang/invoke/LambdaForm$MH+0x0000026681034000'

Classes redefined (0 events):
No events

Internal exceptions (20 events):
Event: 8600.346 Thread 0x00000266f9484940 Exception <a 'sun/nio/fs/WindowsException'{0x00000007250b69c8}> (0x00000007250b69c8) 
thrown [s\open\src\hotspot\share\prims\jni.cpp, line 516]
Event: 8600.584 Thread 0x00000266f9480c80 Exception <a 'sun/nio/fs/WindowsException'{0x0000000724f9abf0}> (0x0000000724f9abf0) 
thrown [s\open\src\hotspot\share\prims\jni.cpp, line 516]
Event: 8600.585 Thread 0x00000266f9480c80 Exception <a 'sun/nio/fs/WindowsException'{0x0000000724f9ca28}> (0x0000000724f9ca28) 
thrown [s\open\src\hotspot\share\prims\jni.cpp, line 516]
Event: 8600.585 Thread 0x00000266f9480c80 Exception <a 'sun/nio/fs/WindowsException'{0x0000000724f9e7a0}> (0x0000000724f9e7a0) 
thrown [s\open\src\hotspot\share\prims\jni.cpp, line 516]
Event: 8600.598 Thread 0x00000266f9480c80 Exception <a 'sun/nio/fs/WindowsException'{0x0000000724fa0468}> (0x0000000724fa0468) 
thrown [s\open\src\hotspot\share\prims\jni.cpp, line 516]
Event: 8601.363 Thread 0x00000266f9484940 Exception <a 'sun/nio/fs/WindowsException'{0x000000072373f770}> (0x000000072373f770) 
thrown [s\open\src\hotspot\share\prims\jni.cpp, line 516]
Event: 8601.363 Thread 0x00000266f9484940 Exception <a 'sun/nio/fs/WindowsException'{0x0000000723741668}> (0x0000000723741668) 
thrown [s\open\src\hotspot\share\prims\jni.cpp, line 516]
Event: 8601.363 Thread 0x00000266f9484940 Exception <a 'sun/nio/fs/WindowsException'{0x00000007237434e0}> (0x00000007237434e0) 
thrown [s\open\src\hotspot\share\prims\jni.cpp, line 516]
Event: 8601.363 Thread 0x00000266f9484940 Exception <a 'sun/nio/fs/WindowsException'{0x0000000723745000}> (0x0000000723745000) 
thrown [s\open\src\hotspot\share\prims\jni.cpp, line 516]
Event: 8601.637 Thread 0x00000266eeaee310 Exception <a 'sun/nio/fs/WindowsException'{0x00000007224f87e8}> (0x00000007224f87e8) 
thrown [s\open\src\hotspot\share\prims\jni.cpp, line 516]
Event: 8606.718 Thread 0x00000266eeaee310 Exception <a 'sun/nio/fs/WindowsException'{0x0000000728b74988}> (0x0000000728b74988) 
thrown [s\open\src\hotspot\share\prims\jni.cpp, line 516]
Event: 8608.471 Thread 0x00000266eeaee310 Implicit null exception at 0x00000266d3336118 to 0x00000266d33368ec
Event: 8608.474 Thread 0x00000266eeaee310 Implicit null exception at 0x00000266d27b0ecc to 0x00000266d27b10d8
Event: 8608.605 Thread 0x00000266eeaee310 Implicit null exception at 0x00000266d2875cf8 to 0x00000266d287610c
Event: 8609.145 Thread 0x00000266eeaee310 Implicit null exception at 0x00000266d2bbf2c4 to 0x00000266d2bc0aa0
Event: 8609.224 Thread 0x00000266eeaee310 Implicit null exception at 0x00000266d2c0a57c to 0x00000266d2c0a91c
Event: 8609.228 Thread 0x00000266eeaee310 Implicit null exception at 0x00000266d2c06166 to 0x00000266d2c06228
Event: 8609.228 Thread 0x00000266eeaee310 Implicit null exception at 0x00000266d2d12afa to 0x00000266d2d131ec
Event: 8610.156 Thread 0x00000266eeaee310 Implicit null exception at 0x00000266d2861bf4 to 0x00000266d2861ff4
Event: 8610.204 Thread 0x00000266eeaee310 Implicit null exception at 0x00000266d2b65f2b to 0x00000266d2b6bb40

VM Operations (20 events):
Event: 8601.052 Executing VM operation: Cleanup
Event: 8601.053 Executing VM operation: Cleanup done
Event: 8602.067 Executing VM operation: Cleanup
Event: 8602.068 Executing VM operation: Cleanup done
Event: 8603.074 Executing VM operation: Cleanup
Event: 8603.074 Executing VM operation: Cleanup done
Event: 8604.084 Executing VM operation: Cleanup
Event: 8604.084 Executing VM operation: Cleanup done
Event: 8604.505 Executing VM operation: G1CollectForAllocation
Event: 8604.708 Executing VM operation: G1CollectForAllocation done
Event: 8605.716 Executing VM operation: Cleanup
Event: 8605.720 Executing VM operation: Cleanup done
Event: 8606.723 Executing VM operation: Cleanup
Event: 8606.725 Executing VM operation: Cleanup done
Event: 8607.442 Executing VM operation: G1Concurrent
Event: 8608.469 Executing VM operation: G1Concurrent done
Event: 8608.701 Executing VM operation: G1Concurrent
Event: 8609.123 Executing VM operation: G1Concurrent done
Event: 8610.126 Executing VM operation: Cleanup
Event: 8610.126 Executing VM operation: Cleanup done

Events (20 events):
Event: 8602.523 Thread 0x00000266eda8f4a0 Thread added: 0x00000266eda8f4a0
Event: 8602.523 Thread 0x00000266eda8f9b0 Thread added: 0x00000266eda8f9b0
Event: 8602.524 Thread 0x00000266ec4a5ea0 Thread added: 0x00000266ec4a5ea0
Event: 8602.524 Thread 0x00000266ec4a6dd0 Thread added: 0x00000266ec4a6dd0
Event: 8602.526 Thread 0x00000266ec4a72e0 Thread added: 0x00000266ec4a72e0
Event: 8602.526 Thread 0x00000266ec4a77f0 Thread added: 0x00000266ec4a77f0
Event: 8602.527 Thread 0x00000266ec4a7d00 Thread added: 0x00000266ec4a7d00
Event: 8602.553 Thread 0x00000266ec4a5990 Thread added: 0x00000266ec4a5990
Event: 8602.554 Thread 0x00000266ec4a8210 Thread added: 0x00000266ec4a8210
Event: 8602.555 Thread 0x00000266f0125b90 Thread added: 0x00000266f0125b90
Event: 8602.555 Thread 0x00000266f012a780 Thread added: 0x00000266f012a780
Event: 8602.555 Thread 0x00000266f012c5e0 Thread added: 0x00000266f012c5e0
Event: 8602.556 Thread 0x00000266f01260a0 Thread added: 0x00000266f01260a0
Event: 8602.556 Thread 0x00000266f012bbc0 Thread added: 0x00000266f012bbc0
Event: 8602.557 Thread 0x00000266f012caf0 Thread added: 0x00000266f012caf0
Event: 8602.557 Thread 0x00000266eca9cd80 Thread added: 0x00000266eca9cd80
Event: 8602.559 Thread 0x00000266f8e849c0 Thread added: 0x00000266f8e849c0
Event: 8602.560 Thread 0x00000266f8e7f8c0 Thread added: 0x00000266f8e7f8c0
Event: 8603.473 Thread 0x00000266f8e81c30 Thread added: 0x00000266f8e81c30
Event: 8603.474 Thread 0x00000266f8e84ed0 Thread added: 0x00000266f8e84ed0


Dynamic libraries:
0x00007ff6f1a60000 - 0x00007ff6f1a70000 	C:\Program Files\Java\jdk-17\bin\java.exe
0x00007ffd25070000 - 0x00007ffd25287000 	C:\WINDOWS\SYSTEM32\ntdll.dll
0x00007ffd24e60000 - 0x00007ffd24f24000 	C:\WINDOWS\System32\KERNEL32.DLL
0x00007ffd22320000 - 0x00007ffd226f3000 	C:\WINDOWS\System32\KERNELBASE.dll
0x00007ffd1ac70000 - 0x00007ffd1ad07000 	C:\WINDOWS\SYSTEM32\apphelp.dll
0x00007ffd22940000 - 0x00007ffd22a51000 	C:\WINDOWS\System32\ucrtbase.dll
0x00007ffd1af80000 - 0x00007ffd1af99000 	C:\Program Files\Java\jdk-17\bin\jli.dll
0x00007ffd234e0000 - 0x00007ffd23591000 	C:\WINDOWS\System32\ADVAPI32.dll
0x00007ffd13720000 - 0x00007ffd1373b000 	C:\Program Files\Java\jdk-17\bin\VCRUNTIME140.dll
0x00007ffd24b80000 - 0x00007ffd24c27000 	C:\WINDOWS\System32\msvcrt.dll
0x00007ffd22f00000 - 0x00007ffd22fa7000 	C:\WINDOWS\System32\sechost.dll
0x00007ffd22700000 - 0x00007ffd22728000 	C:\WINDOWS\System32\bcrypt.dll
0x00007ffd23bb0000 - 0x00007ffd23cc4000 	C:\WINDOWS\System32\RPCRT4.dll
0x00007ffd23e60000 - 0x00007ffd24011000 	C:\WINDOWS\System32\USER32.dll
0x00007ffd22c10000 - 0x00007ffd22c36000 	C:\WINDOWS\System32\win32u.dll
0x00007ffd22ed0000 - 0x00007ffd22ef9000 	C:\WINDOWS\System32\GDI32.dll
0x00007ffd18350000 - 0x00007ffd185eb000 	C:\WINDOWS\WinSxS\amd64_microsoft.windows.common-controls_6595b64144ccf1df_6.0.22621.5262_none_2712bde373830908\COMCTL32.dll
0x00007ffd22a60000 - 0x00007ffd22b82000 	C:\WINDOWS\System32\gdi32full.dll
0x00007ffd22730000 - 0x00007ffd227ca000 	C:\WINDOWS\System32\msvcp_win.dll
0x00007ffd19e40000 - 0x00007ffd19e4a000 	C:\WINDOWS\SYSTEM32\VERSION.dll
0x00007ffd24230000 - 0x00007ffd24261000 	C:\WINDOWS\System32\IMM32.DLL
0x00007ffd1b230000 - 0x00007ffd1b23c000 	C:\Program Files\Java\jdk-17\bin\vcruntime140_1.dll
0x00007ffcfcbb0000 - 0x00007ffcfcc3e000 	C:\Program Files\Java\jdk-17\bin\msvcp140.dll
0x00007ffca8830000 - 0x00007ffca9410000 	C:\Program Files\Java\jdk-17\bin\server\jvm.dll
0x00007ffd22fb0000 - 0x00007ffd22fb8000 	C:\WINDOWS\System32\PSAPI.DLL
0x00007ffd16840000 - 0x00007ffd16849000 	C:\WINDOWS\SYSTEM32\WSOCK32.dll
0x00007ffd1d290000 - 0x00007ffd1d2c4000 	C:\WINDOWS\SYSTEM32\WINMM.dll
0x00007ffd236b0000 - 0x00007ffd23721000 	C:\WINDOWS\System32\WS2_32.dll
0x00007ffd21290000 - 0x00007ffd212a8000 	C:\WINDOWS\SYSTEM32\kernel.appcore.dll
0x00007ffd1af70000 - 0x00007ffd1af7a000 	C:\Program Files\Java\jdk-17\bin\jimage.dll
0x00007ffd1b720000 - 0x00007ffd1b952000 	C:\WINDOWS\SYSTEM32\DBGHELP.DLL
0x00007ffd22fc0000 - 0x00007ffd23353000 	C:\WINDOWS\System32\combase.dll
0x00007ffd24f30000 - 0x00007ffd25007000 	C:\WINDOWS\System32\OLEAUT32.dll
0x00007ffd16860000 - 0x00007ffd16892000 	C:\WINDOWS\SYSTEM32\dbgcore.DLL
0x00007ffd22b90000 - 0x00007ffd22c0b000 	C:\WINDOWS\System32\bcryptPrimitives.dll
0x00007ffd06fd0000 - 0x00007ffd06fde000 	C:\Program Files\Java\jdk-17\bin\instrument.dll
0x00007ffd10e00000 - 0x00007ffd10e25000 	C:\Program Files\Java\jdk-17\bin\java.dll
0x00007ffcdfb00000 - 0x00007ffcdfbd7000 	C:\Program Files\Java\jdk-17\bin\jsvml.dll
0x00007ffd242e0000 - 0x00007ffd24b7d000 	C:\WINDOWS\System32\SHELL32.dll
0x00007ffd22160000 - 0x00007ffd2229f000 	C:\WINDOWS\System32\wintypes.dll
0x00007ffd200b0000 - 0x00007ffd209cd000 	C:\WINDOWS\SYSTEM32\windows.storage.dll
0x00007ffd233b0000 - 0x00007ffd234bb000 	C:\WINDOWS\System32\SHCORE.dll
0x00007ffd24270000 - 0x00007ffd242d6000 	C:\WINDOWS\System32\shlwapi.dll
0x00007ffd22090000 - 0x00007ffd220bb000 	C:\WINDOWS\SYSTEM32\profapi.dll
0x00007ffcfbd00000 - 0x00007ffcfbd18000 	C:\Program Files\Java\jdk-17\bin\zip.dll
0x00007ffd08920000 - 0x00007ffd08939000 	C:\Program Files\Java\jdk-17\bin\net.dll
0x00007ffd1df00000 - 0x00007ffd1e02c000 	C:\WINDOWS\SYSTEM32\WINHTTP.dll
0x00007ffd21710000 - 0x00007ffd2177a000 	C:\WINDOWS\system32\mswsock.dll
0x00007ffcfbd20000 - 0x00007ffcfbd36000 	C:\Program Files\Java\jdk-17\bin\nio.dll
0x00007ffd10df0000 - 0x00007ffd10e00000 	C:\Program Files\Java\jdk-17\bin\verify.dll
0x00007ffcfbcd0000 - 0x00007ffcfbcf7000 	C:\Users\Asus\.gradle\native\1def1411415f61bf3af743bc5b6707747c0891f09f0c88961ee8f79bc544acac\windows-amd64\native-platform.dll
0x00007ffcdfa80000 - 0x00007ffcdfaf8000 	C:\Users\Asus\.gradle\native\0.2.7\x86_64-windows-gnu\gradle-fileevents.dll
0x00007ffd0e660000 - 0x00007ffd0e66a000 	C:\Program Files\Java\jdk-17\bin\management.dll
0x00007ffd08910000 - 0x00007ffd0891b000 	C:\Program Files\Java\jdk-17\bin\management_ext.dll
0x00007ffd20ca0000 - 0x00007ffd20ccd000 	C:\WINDOWS\SYSTEM32\IPHLPAPI.DLL
0x00007ffd23d50000 - 0x00007ffd23d59000 	C:\WINDOWS\System32\NSI.dll
0x00007ffd1da90000 - 0x00007ffd1daa9000 	C:\WINDOWS\SYSTEM32\dhcpcsvc6.DLL
0x00007ffd1dd50000 - 0x00007ffd1dd6f000 	C:\WINDOWS\SYSTEM32\dhcpcsvc.DLL
0x00007ffd20d10000 - 0x00007ffd20e08000 	C:\WINDOWS\SYSTEM32\DNSAPI.dll
0x00007ffd21970000 - 0x00007ffd2198b000 	C:\WINDOWS\SYSTEM32\CRYPTSP.dll
0x00007ffd211f0000 - 0x00007ffd21227000 	C:\WINDOWS\system32\rsaenh.dll
0x00007ffd21800000 - 0x00007ffd21828000 	C:\WINDOWS\SYSTEM32\USERENV.dll
0x00007ffd21960000 - 0x00007ffd2196c000 	C:\WINDOWS\SYSTEM32\CRYPTBASE.dll
0x00007ffd1b480000 - 0x00007ffd1b48e000 	C:\Program Files\Java\jdk-17\bin\sunmscapi.dll
0x00007ffd227d0000 - 0x00007ffd22937000 	C:\WINDOWS\System32\CRYPT32.dll
0x00007ffd21b20000 - 0x00007ffd21b4d000 	C:\WINDOWS\SYSTEM32\ncrypt.dll
0x00007ffd21ae0000 - 0x00007ffd21b17000 	C:\WINDOWS\SYSTEM32\NTASN1.dll
0x00007ffcc9120000 - 0x00007ffcc9128000 	C:\WINDOWS\system32\wshunix.dll
0x00007ffcc90b0000 - 0x00007ffcc90c7000 	C:\WINDOWS\system32\napinsp.dll
0x00007ffcc9090000 - 0x00007ffcc90ab000 	C:\WINDOWS\system32\pnrpnsp.dll
0x00007ffcc9070000 - 0x00007ffcc9081000 	C:\WINDOWS\System32\winrnr.dll
0x00007ffd1c150000 - 0x00007ffd1c16f000 	C:\WINDOWS\system32\wshbth.dll
0x00007ffcc90d0000 - 0x00007ffcc90f1000 	C:\WINDOWS\system32\nlansp_c.dll
0x00007ffd1c460000 - 0x00007ffd1c46a000 	C:\Windows\System32\rasadhlp.dll
0x00007ffd1c9f0000 - 0x00007ffd1ca73000 	C:\WINDOWS\System32\fwpuclnt.dll
0x00007ffd213a0000 - 0x00007ffd213d4000 	C:\WINDOWS\SYSTEM32\ntmarta.dll

dbghelp: loaded successfully - version: 4.0.5 - missing functions: none
symbol engine: initialized successfully - sym options: 0x614 - pdb path: .;C:\Program Files\Java\jdk-17\bin;C:\WINDOWS\SYSTEM32;C:\WINDOWS\WinSxS\amd64_microsoft.windows.common-controls_6595b64144ccf1df_6.0.22621.5262_none_2712bde373830908;C:\Program Files\Java\jdk-17\bin\server;C:\Users\Asus\.gradle\native\1def1411415f61bf3af743bc5b6707747c0891f09f0c88961ee8f79bc544acac\windows-amd64;C:\Users\Asus\.gradle\native\0.2.7\x86_64-windows-gnu

VM Arguments:
jvm_args: --add-opens=java.base/java.lang=ALL-UNNAMED --add-opens=java.base/java.lang.invoke=ALL-UNNAMED --add-opens=java.base/java.util=ALL-UNNAMED --add-opens=java.prefs/java.util.prefs=ALL-UNNAMED --add-exports=jdk.compiler/com.sun.tools.javac.api=ALL-UNNAMED --add-exports=jdk.compiler/com.sun.tools.javac.util=ALL-UNNAMED --add-opens=java.base/java.util=ALL-UNNAMED --add-opens=java.prefs/java.util.prefs=ALL-UNNAMED --add-opens=java.base/java.nio.charset=ALL-UNNAMED --add-opens=java.base/java.net=ALL-UNNAMED --add-opens=java.base/java.util.concurrent.atomic=ALL-UNNAMED --add-opens=java.xml/javax.xml.namespace=ALL-UNNAMED -Xmx4g -Dfile.encoding=UTF-8 -Duser.country=US -Duser.language=en -Duser.variant -javaagent:C:\Users\Asus\.gradle\wrapper\dists\gradle-8.13-bin\5xuhj0ry160q40clulazy9h7d\gradle-8.13\lib\agents\gradle-instrumentation-agent-8.13.jar 
java_command: org.gradle.launcher.daemon.bootstrap.GradleDaemon 8.13
java_class_path (initial): C:\Users\Asus\.gradle\wrapper\dists\gradle-8.13-bin\5xuhj0ry160q40clulazy9h7d\gradle-8.13\lib\gradle-daemon-main-8.13.jar
Launcher Type: SUN_STANDARD

[Global flags]
     intx CICompilerCount                          = 4                                         {product} {ergonomic}
     uint ConcGCThreads                            = 3                                         {product} {ergonomic}
     uint G1ConcRefinementThreads                  = 10                                        {product} {ergonomic}
   size_t G1HeapRegionSize                         = 2097152                                   {product} {ergonomic}
    uintx GCDrainStackTargetSize                   = 64                                        {product} {ergonomic}
   size_t InitialHeapSize                          = 125829120                                 {product} {ergonomic}
   size_t MarkStackSize                            = 4194304                                   {product} {ergonomic}
   size_t MaxHeapSize                              = 4294967296                                {product} {command line}
   size_t MaxNewSize                               = 2575302656                                {product} {ergonomic}
   size_t MinHeapDeltaBytes                        = 2097152                                   {product} {ergonomic}
   size_t MinHeapSize                              = 8388608                                   {product} {ergonomic}
    uintx NonNMethodCodeHeapSize                   = 5839372                                {pd product} {ergonomic}
    uintx NonProfiledCodeHeapSize                  = 122909434                              {pd product} {ergonomic}
    uintx ProfiledCodeHeapSize                     = 122909434                              {pd product} {ergonomic}
    uintx ReservedCodeCacheSize                    = 251658240                              {pd product} {ergonomic}
     bool SegmentedCodeCache                       = true                                      {product} {ergonomic}
   size_t SoftMaxHeapSize                          = 4294967296                             {manageable} {ergonomic}
     bool UseCompressedClassPointers               = true                           {product lp64_product} {ergonomic}
     bool UseCompressedOops                        = true                           {product lp64_product} {ergonomic}
     bool UseG1GC                                  = true                                      {product} {ergonomic}
     bool UseLargePagesIndividualAllocation        = false                                  {pd product} {ergonomic}

Logging:
Log output configuration:
 #0: stdout all=warning uptime,level,tags
 #1: stderr all=off uptime,level,tags

Environment Variables:
JAVA_HOME=C:\Program Files\Java\jdk-17
CLASSPATH=D:\New-Branch\android\\gradle\wrapper\gradle-wrapper.jar
PATH=D:\New-Branch\node_modules\.bin;D:\New-Branch\node_modules\.bin;D:\node_modules\.bin;C:\Program Files\nodejs\node_modules\npm\node_modules\@npmcli\run-script\lib\node-gyp-bin;C:\Program Files\Common Files\Oracle\Java\javapath;C:\Program Files (x86)\VMware\VMware Player\bin\;C:\WINDOWS\system32;C:\WINDOWS;C:\WINDOWS\System32\Wbem;C:\WINDOWS\System32\WindowsPowerShell\v1.0\;C:\WINDOWS\System32\OpenSSH\;C:\Users\Asus\Downloads\ffmpeg-master-latest-win64-gpl\ffmpeg-master-latest-win64-gpl\bin;C:\Program Files\nodejs\;C:\Program Files\Git\cmd;C:\Users\Asus\AppData\Local\Android\Sdk\platform-tools;C:\Users\Asus\AppData\Local\Programs\Python\Python311;C:\Users\Asus\AppData\Local\Programs\Python\Python311\Scripts;C:\Users\Asus\AppData\Local\Microsoft\WindowsApps;C:\Users\Asus\AppData\Local\Programs\Microsoft VS Code\bin;C:\msys64\ucrt64\bin;C:\Program Files\JetBrains\PyCharm 2024.1.4\bin;;C:\Users\Asus\AppData\Roaming\npm;C:\Program Files\Java\jdk-17\bin;;c:\Users\Asus\AppData\Roaming\Code\User\globalStorage\github.copilot-chat\debugCommand
USERNAME=Asus
LANG=en_US.UTF-8
OS=Windows_NT
PROCESSOR_IDENTIFIER=AMD64 Family 23 Model 104 Stepping 1, AuthenticAMD



---------------  S Y S T E M  ---------------

OS:
 Windows 11 , 64 bit Build 22621 (10.0.22621.5262)
OS uptime: 11 days 20:37 hours

CPU: total 12 (initial active 12) (12 cores per cpu, 2 threads per core) family 23 model 104 stepping 1 microcode 0x0, cx8, cmov, fxsr, ht, mmx, 3dnowpref, sse, sse2, sse3, ssse3, sse4a, sse4.1, sse4.2, popcnt, lzcnt, tsc, tscinvbit, avx, avx2, aes, clmul, bmi1, bmi2, adx, sha, fma, vzeroupper, clflush, clflushopt

Memory: 4k page, system-wide physical 7563M (296M free)
TotalPageFile size 31115M (AvailPageFile size 0M)
current process WorkingSet (physical memory assigned to process): 628M, peak: 718M
current process commit charge ("private bytes"): 1156M, peak: 1159M

vm_info: Java HotSpot(TM) 64-Bit Server VM (17.0.12+8-LTS-286) for windows-amd64 JRE (17.0.12+8-LTS-286), built on Jun  5 2024 06:46:59 by "mach5one" with MS VC++ 17.6 (VS2022)

END.
